Municipio,Provincia,Lugar,Dirección,Fecha,Hora,Ojo,Latitud,Longitud,Convoca,Marca en porceuta.es,Notas,Estado,Fuente
A Coruña,A Coruña,Plaza de María Pita,"Plaza de María Pita, A Coruña, 15001",2026-09-02,20:00,,"43,3710378","-8,395942",,Confirmada,Recogido de prensa (El Diario de Madrid),Publicada,Ambas
Ferrol,A Coruña,Plaza de Armas,Plaza de Armas,2026-09-02,20:00,,"43,484484","-8,232876",,Sin confirmar,El punto del mapa es aproximado.,Publicada,Ambas
Pontedeume,A Coruña,Plaza Real,,2026-09-02,,SIN HORA,"43,4007283","-8,1497914",,Sin confirmar,,Solo en porceuta.es,porceuta.es
Santiago de Compostela,A Coruña,Praza do Obradoiro,"Praza do Obradoiro, Santiago de Compostela, 15705",2026-09-02,20:00,,"42,8805003","-8,54576",,Sin confirmar,Recogido de prensa (El Diario de Madrid),Publicada,Ambas
Vitoria-Gasteiz,Álava,"Plaza de España, frente al Ayuntamiento",,2026-09-02,20:00,,"42,846","-2,672",PP de Vitoria-Gasteiz,Confirmada,,Solo en porceuta.es,porceuta.es
Albacete,Albacete,Plaza del Ayuntamiento,"Plaza del Ayuntamiento, Albacete, 02005",2026-09-02,20:00,,"38,9961404","-1,8556734",,Confirmada,,Publicada,Ambas
Caudete,Albacete,Plaza de la Iglesia,,2026-09-02,20:00,,"38,703419","-0,989048",Alcalde José Miguel Mollá / Ayuntamiento de Caudete,Difundida,https://www.caudete.org/ayuntamiento/concentracion-en-defensa-de-ceuta-y-espana/,Solo en porceuta.es,porceuta.es
Hellín,Albacete,Plaza de la Iglesia,"Plaza de la Iglesia, Hellín",2026-09-02,20:00,,"38,5120521","-1,7025267",Ayuntamiento de Hellín,Difundida,Hellín con Ceuta,Publicada,Ambas
Villarrobledo,Albacete,Plaza de Ramón y Cajal,,2026-09-02,20:00,,"39,2681742","-2,6042132",,Sin confirmar,,Solo en porceuta.es,porceuta.es
Albatera,Alicante,Plaza de España,Plaza de España,2026-09-02,20:00,,"38,17909","-0,86911",Ayuntamiento de Albatera / FEMP,Difundida,Convocatoria confirmada y detectada en los barridos del 26-27/08/2026; ausente del CSV base de 204 registros.,Retirada · no aparece en el listado oficial del 29 de agosto,Ambas
Alcoy,Alicante,Plaza España,,2026-09-02,20:00,,"38,6982348","-0,4747619",,Sin confirmar,,Solo en porceuta.es,porceuta.es
Alicante,Alicante,Plaza de los Luceros,"Plaza de los Luceros, Alicante",2026-09-02,20:00,,"38,3460097","-0,4906781",,,Otras fuentes sitúan la concentración en Plaza de la Montañeta (fuentes discrepan). Recogido de prensa (El Diario de Madrid),Publicada,Listado oficial
Alicante,Alicante,Plaza del Ayuntamiento,,2026-09-02,20:00,,"38,3452","-0,481",Ayuntamiento de Alicante,Difundida,Alicante con Ceuta,Solo en porceuta.es,porceuta.es
Almoradí,Alicante,Plaza de la Constitución,Plaza de la Constitución,2026-09-02,20:00,,"38,1087","-0,7917",Ayuntamiento de Almoradí,Difundida,,Publicada,Ambas
Aspe,Alicante,Plaza Mayor,,2026-09-02,20:00,,"38,3460834","-0,7692034",Ayuntamiento de Aspe,Difundida,"💙 ASPE SOLIDARIO CON CEUTA El Ayuntamiento de Aspe se suma a la concentración convocada por la Federación Española de Municipios y Provincias (FEMP) en apoyo a Ceuta. 📅 Miércoles, 2 de septiembre 🕗 20:00 h 📍 Plaza Mayor Participa en esta concentración y mostremos juntos la solidaridad de Aspe. 🤝",Solo en porceuta.es,porceuta.es
Benejúzar,Alicante,Ayuntamiento,Ayuntamiento,2026-09-02,20:00,,"38,077618","-0,837885",,Sin confirmar,,Publicada,Ambas
Benidorm,Alicante,Plaza de SS. MM. Reyes de España,"Plaza de SS. MM. Reyes de España, 03501",2026-09-02,20:00,,"38,5411","-0,1225",Ayuntamiento de Benidorm,Difundida,,Publicada,Ambas
Bigastro,Alicante,Plaza de la Constitución,"Plaza de la Constitución, 03380",2026-09-02,20:00,,"38,063027","-0,895525",,Sin confirmar,,Publicada,Ambas
Callosa d'en Sarrià,Alicante,Plaza del Ayuntamiento,Plaza del Ayuntamiento,2026-09-02,20:00,,"38,651389","-0,122527",,Sin confirmar,El punto del mapa es aproximado: señala el centro del municipio.,Publicada,Ambas
Callosa de Segura,Alicante,Plaza de España,Plaza de España,2026-09-02,20:00,,"38,124","-0,8787",Ayuntamiento de Callosa de Segura,Difundida,,Publicada,Ambas
Calp,Alicante,Plaza Miguel Roselló,Plaza Miguel Roselló,2026-09-02,20:00,,"38,6447","0,0445",Ayuntamiento de Calp,Difundida,,Retirada · no aparece en el listado oficial del 29 de agosto,Ambas
Castalla,Alicante,Ajuntament de Castalla,Ajuntament de Castalla,2026-09-02,20:00,,"38,595191","-0,672241",,Sin confirmar,,Publicada,Ambas
Catral,Alicante,Plaza de España,Plaza de España,2026-09-02,20:00,,"38,1608","-0,8021",Ayuntamiento de Catral,Difundida,,Publicada,Ambas
Cox,Alicante,"Plaza de la Glorieta, frente al Ayuntamiento","Plaza de la Glorieta, frente al Ayuntamiento",2026-09-02,20:00,,"38,1416","-0,8874",Ayuntamiento de Cox,Difundida,,Publicada,Ambas
Crevillent,Alicante,Puertas del Ayuntamiento,Puertas del Ayuntamiento,2026-09-02,20:00,,"38,24922","-0,809869",,Sin confirmar,,Publicada,Ambas
Crevillente,Alicante,Ayuntamiento de Crevillente,,2026-09-02,20:00,,"38,2493099","-0,8111359",Ayuntamiento de Crevillente,Difundida,"El Ayuntamiento de Crevillent se suma la convocatoria de la Federación Española de Municipios y Provincias (FEMP), con motivo de la situación que está viviendo la Ciudad Autónoma de Ceuta. La concentración tendrá lugar este próximo miércoles 2 de septiembre, Día de Ceuta, a las 20:00 horas, a las puertas del consistorio.",Solo en porceuta.es,porceuta.es
Daya Nueva,Alicante,Plaza del Ayuntamiento,Plaza del Ayuntamiento,2026-09-02,20:00,,"38,113888","-0,76093",,Sin confirmar,El punto del mapa es aproximado: señala el centro del municipio.,Publicada,Ambas
El Campello,Alicante,Plaza del Ayuntamiento,Plaza del Ayuntamiento,2026-09-02,20:00,,"38,426508","-0,398369",,Sin confirmar,,Publicada,Ambas
El Verger,Alicante,Ayuntamiento El Vergel,,2026-09-02,20:00,,"38,8454922","0,0104379",El pueblo salva al pueblo,Sin confirmar,,Solo en porceuta.es,porceuta.es
Elda,Alicante,"Torreta, Elda",,2026-09-02,20:00,,"38,479622","-0,797184",VOX Caudete,Sin confirmar,Ceuta nos une. España unida jamás será vencida.,Solo en porceuta.es,porceuta.es
Elx,Alicante,Plaça de Baix,Plaça de Baix,2026-09-02,20:00,,"38,265163","-0,699076",Ayuntamiento de Elche / FEMP,Difundida,,Publicada,Ambas
Finestrat,Alicante,"Plaça de la Torreta, puertas del Ayuntamiento","Plaça de la Torreta, puertas del Ayuntamiento",2026-09-02,20:00,,"38,56697","-0,2122",Ayuntamiento de Finestrat / FEMP-FVMP,Difundida,,Publicada,Ambas
Granja de Rocamora,Alicante,Junto al Ayuntamiento,Junto al Ayuntamiento,2026-09-02,20:00,,"38,1515","-0,8914",Ayuntamiento de Granja de Rocamora,Difundida,,Retirada · no aparece en el listado oficial del 29 de agosto,Ambas
Guardamar del Segura,Alicante,Plaza de la Constitución,"Plaza de la Constitución, 03140",2026-09-02,20:00,,"38,089999","-0,65381",FEMP,Difundida,Concentración en apoyo a Ceuta,Retirada · no aparece en el listado oficial del 29 de agosto,Ambas
Monforte del Cid,Alicante,Plaza del Ayuntamiento,,2026-09-02,20:00,,"38,3791541","-0,7290459",Ayuntamiento de Monforte del Cid,Difundida,"El Ayuntamiento de Monforte del Cid, como entidad local integrada en la Federación Española de Municipios y Provincias (FEMP), se suma a la convocatoria en apoyo a la ciudad de Ceuta. 📅 2 de septiembre 🕗 20:00 horas 📍 Plaza del Ayuntamiento de Monforte del Cid #Monfortesolidario Más información en nuestras redes sociales",Solo en porceuta.es,porceuta.es
Mutxamel,Alicante,Puerta del Ayuntamiento,"Puerta del Ayuntamiento, 03110",2026-09-02,20:00,,"38,414565","-0,444327",,Sin confirmar,,Publicada,Ambas
Novelda,Alicante,Plaza España,Plaza España,2026-09-02,20:00,,"38,385925","-0,76481",Ayuntamiento de Novelda,Difundida,"𝐍𝐎𝐕𝐄𝐋𝐃𝐀 𝐂𝐎𝐍 𝐂𝐄𝐔𝐓𝐀 El Ayuntamiento de Novelda se suma a las concentraciones convocadas por la Federación Española de Municipios y Provincias (FEMP) en apoyo a la ciudad autónoma de Ceuta y como muestra de respeto y solidaridad con la ciudad y sus ciudadanos. 📅 Miércoles, 2 de septiembre 🕗 20:00h 📍 Plaza de España",Publicada,Ambas
Orihuela,Alicante,"Plaza del Carmen, junto al Ayuntamiento + Ayuntamiento de Orihuela Costa","Plaza del Carmen, junto al Ayuntamiento + Ayuntamiento de Orihuela Costa",2026-09-02,20:00,,"38,0848","-0,944",Ayuntamiento de Orihuela,Difundida,El punto del mapa es aproximado.,Publicada,Ambas
Orxeta,Alicante,Puerta del Ayuntamiento,Puerta del Ayuntamiento,2026-09-02,20:00,,"38,563785","-0,261205",,Sin confirmar,,Publicada,Ambas
Pilar de la Horadada,Alicante,Plaza Campoamor,Plaza Campoamor,2026-09-02,20:00,,"37,8659","-0,7926",Ayuntamiento de Pilar de la Horadada,Difundida,El punto del mapa es aproximado.,Publicada,Ambas
Polop de la Marina,Alicante,"Puertas del Ayuntamiento, Av. de Sagi Barba 34","Puertas del Ayuntamiento, Av. de Sagi Barba 34",2026-09-02,20:00,,"38,6225","-0,1303",Ayuntamiento de Polop de la Marina / FEMP,Difundida,,Retirada · no aparece en el listado oficial del 29 de agosto,Ambas
Redován,Alicante,Entorno del Ayuntamiento,Entorno del Ayuntamiento,2026-09-02,20:00,,"38,116","-0,909",Ayuntamiento de Redován,Difundida,,Publicada,Ambas
Salinas,Alicante,Plaza de España,Plaza de España,2026-09-02,20:00,,"38,519861","-0,913242",,Sin confirmar,,Publicada,Ambas
San Vicente del Raspeig,Alicante,Plaza de la Comunidad Valenciana,Plaza de la Comunidad Valenciana,2026-09-02,20:00,,"38,398341","-0,520043",,Sin confirmar,,Publicada,Ambas
Sant Joan d'Alacant,Alicante,Plaza de España,"Plaza de España, 03550",2026-09-02,20:00,,"38,40143","-0,435941",,Sin confirmar,,Publicada,Ambas
Santa Pola,Alicante,Inicio del Paseo Adolfo Suárez,Inicio del Paseo Adolfo Suárez,2026-09-02,20:00,,"38,190871","-0,563263",Ayuntamiento de Santa Pola,Difundida,,Retirada · no aparece en el listado oficial del 29 de agosto,Ambas
Sax,Alicante,Plaza ayuntamiento,Plaza ayuntamiento,2026-09-02,20:00,,"38,535032","-0,818913",,Confirmada,https://www.facebook.com/share/p/1Dgkyhuzpb/,Retirada · no aparece en el listado oficial del 29 de agosto,Ambas
Teulada,Alicante,Plaça de l'Ajuntament,Plaça de l'Ajuntament,2026-09-02,20:00,,"38,728285","0,10443",Ayuntamiento de Teulada,Difundida,,Retirada · no aparece en el listado oficial del 29 de agosto,Ambas
Torrevieja,Alicante,Plaza de la Constitución,Plaza de la Constitución,2026-09-02,20:00,,"37,9787","-0,6822",Ayuntamiento de Torrevieja,Difundida,,Retirada · no aparece en el listado oficial del 29 de agosto,Ambas
"Vila Joiosa, la",Alicante,Parque de la Barbera dels Aragonés,Parque de la Barbera dels Aragonés,2026-09-02,20:00,,"38,5108","-0,2326",Ayuntamiento de Villajoyosa / FEMP,Difundida,,Retirada · no aparece en el listado oficial del 29 de agosto,Ambas
Xàbia,Alicante,"Plaça de l'Església, frente al Ayuntamiento","Plaça de l'Església, frente al Ayuntamiento",2026-09-02,20:00,,"38,789002","0,163606",Ayuntamiento de Xàbia/Jávea,Difundida,,Retirada · no aparece en el listado oficial del 29 de agosto,Ambas
Adra,Almería,Plaza Puerta del Mar,"Plaza Puerta del Mar, Adra",2026-09-02,20:00,,"36,7491203","-3,0145023",Ayuntamiento de Adra / FEMP,Difundida,,Publicada,Ambas
Albox,Almería,Puerta del Ayuntamiento,Puerta del Ayuntamiento,2026-09-02,20:00,,"37,389524","-2,146662",Ayuntamiento de Albox,Difundida,,Retirada · no aparece en el listado oficial del 29 de agosto,Ambas
Alhabia,Almería,Puerta del Ayuntamiento,Puerta del Ayuntamiento,2026-09-02,20:00,,"36,989","-2,587",Ayuntamiento de Alhabia / FEMP,Difundida,,Retirada · no aparece en el listado oficial del 29 de agosto,Ambas
Almería,Almería,Plaza de la Constitución (Plaza Vieja),"Plaza de la Constitución (Plaza Vieja), Almería, 04001",2026-09-02,20:00,,"36,8400856","-2,4677447",Ayuntamiento de Almeria,Difundida,,Publicada,Ambas
Antas,Almería,Puerta del Ayuntamiento,Puerta del Ayuntamiento,2026-09-02,20:00,,"37,245","-1,917",Ayuntamiento de Antas / FEMP,Difundida,,Publicada,Ambas
Arboleas,Almería,Puerta del Ayuntamiento,Puerta del Ayuntamiento,2026-09-02,20:00,,"37,35","-2,074",Ayuntamiento de Arboleas / FEMP,Difundida,,Retirada · no aparece en el listado oficial del 29 de agosto,Ambas
Balanegra,Almería,Ayuntamiento,Ayuntamiento,2026-09-02,20:00,,"36,748476","-2,906253",,Sin confirmar,,Publicada,Ambas
Benahadux,Almería,Plaza del Ayuntamiento,"Plaza del Ayuntamiento, Benahadux, 04410",2026-09-02,20:00,,"36,925822","-2,455777",Ayuntamiento de Benahadux,Difundida,,Publicada,Ambas
Berja,Almería,Plaza de la Constitución,"Plaza de la Constitución, Berja",2026-09-02,20:00,,"36,8464341","-2,9497167",Ayuntamiento de Berja / FEMP,Difundida,,Publicada,Ambas
Cuevas del Almanzora,Almería,Puerta del Ayuntamiento,Puerta del Ayuntamiento,2026-09-02,20:00,,"37,29701","-1,880625",Ayuntamiento de Cuevas del Almanzora / FEMP,Difundida,,Retirada · no aparece en el listado oficial del 29 de agosto,Ambas
Dalías,Almería,Plaza Cristo de la Luz (Ayuntamiento),"Plaza Cristo de la Luz (Ayuntamiento), Dalías, 04750",2026-09-02,20:00,,"36,8210663","-2,8705271",AYUNTAMIENTO,Difundida,Enlace de Instagram de la convocatoria: https://www.instagram.com/p/DciYZBisF_h/?igsi=YXNnamFjdDY5enBt,Publicada,Ambas
El Ejido,Almería,Puerta del Ayuntamiento,"Puerta del Ayuntamiento, El Ejido, 04700",2026-09-02,20:00,,"36,7748608","-2,8127504",Ayuntamiento de El Ejido,Difundida,"El Ejido, con Ceuta y por España",Publicada,Ambas
Fines,Almería,Puerta del Ayuntamiento,Puerta del Ayuntamiento,2026-09-02,20:00,,"37,358","-2,262",Ayuntamiento de Fines / FEMP,Difundida,,Retirada · no aparece en el listado oficial del 29 de agosto,Ambas
Gádor,Almería,Puerta del Ayuntamiento,"Puerta del Ayuntamiento, 04560",2026-09-02,20:00,,"36,953975","-2,493238",Ayuntamiento de Gádor / FEMP,Difundida,,Retirada · no aparece en el listado oficial del 29 de agosto,Ambas
Garrucha,Almería,Puerta del Ayuntamiento,"Puerta del Ayuntamiento, 04630",2026-09-02,20:00,,"37,183","-1,82",Ayuntamiento de Garrucha / FEMP,Difundida,,Retirada · no aparece en el listado oficial del 29 de agosto,Ambas
Huércal de Almería,Almería,Puerta del Ayuntamiento,"Puerta del Ayuntamiento, 04230",2026-09-02,20:00,,"36,886","-2,436",Ayuntamiento de Huércal de Almería / FEMP,Difundida,,Retirada · no aparece en el listado oficial del 29 de agosto,Ambas
Huércal-Overa,Almería,Puerta del Ayuntamiento,"Puerta del Ayuntamiento, 04600",2026-09-02,20:00,,"37,390561","-1,943738",Ayuntamiento de Huércal-Overa,Difundida,,Retirada · no aparece en el listado oficial del 29 de agosto,Ambas
La Mojonera,Almería,Puerta del Ayuntamiento,Puerta del Ayuntamiento,2026-09-02,20:00,,"36,752","-2,687",Ayuntamiento de La Mojonera / FEMP,Difundida,,Publicada,Ambas
Macael,Almería,Puerta del Ayuntamiento,Puerta del Ayuntamiento,2026-09-02,20:00,,"37,333294","-2,305214",Ayuntamiento de Macael,Difundida,,Retirada · no aparece en el listado oficial del 29 de agosto,Ambas
Níjar,Almería,Plaza de la Glorieta,Plaza de la Glorieta,2026-09-02,20:00,,"36,962894","-2,206376",Ayuntamiento de Níjar,Difundida,,Retirada · no aparece en el listado oficial del 29 de agosto,Ambas
Olula del Río,Almería,Ayuntamiento,"Ayuntamiento, Olula del Río, 04860",2026-09-02,20:00,,"37,3522006","-2,2981705",Ayuntamiento de Olula del Río / FEMP,Difundida,,Publicada,Ambas
Pulpí,Almería,Puerta del Ayuntamiento,Puerta del Ayuntamiento,2026-09-02,20:00,,"37,412","-1,744",Ayuntamiento de Pulpí / FEMP,Difundida,,Publicada,Ambas
Roquetas de Mar,Almería,Plaza de la Constitución,"Plaza de la Constitución, Roquetas de Mar, 04740",2026-09-02,20:00,,"36,7645313","-2,6148553",,,,Publicada,Listado oficial
Roquetas de Mar,Almería,Plaza del Ayuntamiento,,2026-09-02,20:00,,"36,7630203","-2,6115886",Ayuntamiento,Difundida,La unidad de España ni se vota ni se negocia,Solo en porceuta.es,porceuta.es
Sorbas,Almería,Puerta del Ayuntamiento,"Puerta del Ayuntamiento, Sorbas, 04270",2026-09-02,20:00,,"37,0980785","-2,1242361",Ayuntamiento de Sorbas / FEMP,Difundida,,Publicada,Ambas
Tíjola,Almería,Puerta del Ayuntamiento,"Puerta del Ayuntamiento, 04880",2026-09-02,20:00,,"37,345","-2,439",Ayuntamiento de Tíjola / FEMP,Difundida,El punto del mapa es aproximado.,Publicada,Ambas
Vera,Almería,Plaza Mayor,"Plaza Mayor, Vera, 04620",2026-09-02,20:00,,"37,2471401","-1,8685718",Ayuntamiento de Vera / FEMP,Difundida,,Publicada,Ambas
Viator,Almería,Plaza de la Constitución,"Plaza de la Constitución, Viator, 04240",2026-09-02,19:00,NO son las 20:00,"36,8896494","-2,4261881",Ayuntamiento de Viator / FEMP,Difundida,,Publicada,Ambas
Zurgena,Almería,Puerta del Ayuntamiento,Puerta del Ayuntamiento,2026-09-02,20:00,,"37,342","-2,039",Ayuntamiento de Zurgena / FEMP,Difundida,,Retirada · no aparece en el listado oficial del 29 de agosto,Ambas
Castrillón,Asturias,Ayuntamiento,"Ayuntamiento, 33450",2026-09-02,20:00,,"43,559455","-5,977679",,Sin confirmar,,Publicada,Ambas
Coaña,Asturias,Plaza del Ayuntamiento,"Plaza del Ayuntamiento, 33795",2026-09-02,20:00,,"43,512626","-6,761011",,Sin confirmar,El punto del mapa es aproximado: señala el centro del municipio.,Publicada,Ambas
Gijón,Asturias,Plaza Mayor,"Plaza Mayor, Gijón, 33201",2026-09-02,20:00,,"43,5449908","-5,6625808",,Confirmada,Recogido de prensa (El Diario de Madrid),Retirada · el listado oficial la marca sin confirmar: sin datos de convocatoria oficial,Ambas
Lena,Asturias,"Frente al Ayuntamiento de Lena, C. Vital Aza 20","Frente al Ayuntamiento de Lena, C. Vital Aza 20",2026-09-02,20:00,,"43,1586","-5,8292",,,El punto del mapa es aproximado.,Retirada · no aparece en el listado oficial del 29 de agosto,Listado oficial
Lena (La Pola),Asturias,"Frente al Ayuntamiento de Lena, C. Vital Aza 20",,2026-09-02,20:00,,"43,1586","-5,8292",PP de Lena,Confirmada,NUEVA | Revisado 28/08/2026. Coordenadas asociadas al place indicado.,Solo en porceuta.es,porceuta.es
Navia,Asturias,Ayuntamiento,"Ayuntamiento, 33710",2026-09-02,20:00,,"43,539038","-6,723468",,Sin confirmar,El punto del mapa es aproximado.,Publicada,Ambas
Oviedo,Asturias,Plaza de la Constitución,,2026-09-02,20:00,,"43,3604618","-5,844829",,Confirmada,,Solo en porceuta.es,porceuta.es
Oviedo,Asturias,Plaza de la Escandalera,"Plaza de la Escandalera, Oviedo",2026-09-02,20:00,,"43,3622053","-5,8480485",,,"Recogido de prensa (El Diario de Madrid) Otras fuentes sitúan la concentración en la Plaza de la Constitución, frente al Ayuntamiento, a 300 metros de aquí (fuentes discrepan).",Publicada,Listado oficial
RIBADESELLA,Asturias,Plaza de Maria Cristina,,2026-09-02,20:00,,"43,4456557","-5,0835484",,Sin confirmar,,Solo en porceuta.es,porceuta.es
Tapia de Casariego,Asturias,Ayuntamiento,Ayuntamiento,2026-09-02,20:00,,"43,570064","-6,944029",,Sin confirmar,El punto del mapa es aproximado.,Publicada,Ambas
Arenas de San Pedro,Ávila,Plaza del Ayuntamiento,Plaza del Ayuntamiento,2026-09-02,20:00,,"40,208891","-5,090612",,Sin confirmar,,Publicada,Ambas
Arévalo,Ávila,Plaza del Real,Plaza del Real,2026-09-02,20:00,,"41,063276","-4,719892",Ayuntamiento de Arévalo,Difundida,,Publicada,Ambas
Ávila,Ávila,Plaza de Santa Teresa,,2026-09-02,20:00,,"40,6566","-4,7009",,Sin confirmar,,Solo en porceuta.es,porceuta.es
Casillas,Ávila,Plaza de España,,2026-09-02,20:00,,"40,3256422","-4,5711323",Ayuntamiento de Casillas,Difundida,,Solo en porceuta.es,porceuta.es
Sotillo de la Adrada,Ávila,Plaza del Ayuntamiento,,2026-09-02,20:00,,"40,2920324","-4,5826532",Ayuntamiento de Sotillo de la Adrada,Difundida,,Solo en porceuta.es,porceuta.es
Almendralejo,Badajoz,Plaza del ayuntamiento,"Plaza del ayuntamiento, 06200",2026-09-02,20:00,,"38,684679","-6,40678",,Confirmada,Todos con Ceuta,Publicada,Ambas
Azuaga,Badajoz,Plaza de La Merced,Plaza de La Merced,2026-09-02,20:00,,"38,259215","-5,676856",Ayuntamiento de Azuaga y FEMPE,Difundida,"En apoyo a Ceuta, todos unidos.",Retirada · no aparece en el listado oficial del 29 de agosto,Ambas
Badajoz,Badajoz,Plaza Alta,"Plaza Alta, Badajoz",2026-09-02,20:00,,"38,8812287","-6,9682714",,Confirmada,Recogido de prensa (El Distrito),Publicada,Ambas
Campanario,Badajoz,Plaza de España,"Plaza de España, 06460",2026-09-02,20:00,,"38,863415","-5,617057",,Sin confirmar,,Publicada,Ambas
Don Benito,Badajoz,Plaza de España,,2026-09-02,20:00,,"38,9540269","-5,8619466",,Sin confirmar,,Solo en porceuta.es,porceuta.es
Fregenal de la Sierra,Badajoz,"Paseo de la Constitución, 1","Paseo de la Constitución, 1",2026-09-02,20:00,,"38,166397","-6,652575",ayuntamiento de fregenal de la sierra,Difundida,"Todos Con Ceuta. Organiza el Ayuntamiento, en la puerta de la Casa Consistorial",Retirada · no aparece en el listado oficial del 29 de agosto,Ambas
Fuentes de León,Badajoz,Plaza España,,2026-09-02,20:00,,"38,0678042","-6,5231106",Ayuntamiento De Fuentes de Leon,Difundida,,Solo en porceuta.es,porceuta.es
Guadiana del Caudillo,Badajoz,Puerta del Ayuntamiento,"Puerta del Ayuntamiento, 06195",2026-09-02,20:00,,"38,931691","-6,69052",,Sin confirmar,El punto del mapa es aproximado: señala el centro del municipio.,Publicada,Ambas
Jerez de los Caballeros,Badajoz,Plaza del Ayuntamiento,Plaza del Ayuntamiento,2026-09-02,20:00,,"38,320199","-6,771339",,Sin confirmar,El punto del mapa es aproximado: señala el centro del municipio.,Publicada,Ambas
Llerena,Badajoz,"Plaza de España, puerta del Ayuntamiento",,2026-09-02,20:00,,"38,2337","-6,015",Ayuntamiento de Llerena / FEMP,Difundida,,Solo en porceuta.es,porceuta.es
Los Santos de Maimona,Badajoz,"Puerta del Ayuntamiento, Plaza de España","Puerta del Ayuntamiento, Plaza de España",2026-09-02,20:00,,"38,44872","-6,38346",Ayuntamiento de Los Santos de Maimona / FEMP,Difundida,Convocatoria confirmada y detectada en los barridos del 26-27/08/2026; ausente del CSV base de 204 registros.,Retirada · no aparece en el listado oficial del 29 de agosto,Ambas
Mérida,Badajoz,"Plaza de España, frente al Ayuntamiento","Plaza de España, frente al Ayuntamiento",2026-09-02,12:00,NO son las 20:00,"38,916","-6,3442",Ayuntamiento de Mérida / Corporación Municipal,Difundida,A las 12:00 por la feria de la ciudad.,Publicada,Ambas
Montijo,Badajoz,Plaza España,,2026-09-02,20:00,,"38,9098936","-6,6151799",,Sin confirmar,,Solo en porceuta.es,porceuta.es
Oliva de la Frontera,Badajoz,Plaza del Ayuntamiento,Plaza del Ayuntamiento,2026-09-02,20:00,,"38,276781","-6,919746",,Sin confirmar,,Publicada,Ambas
Solana de los Barros,Badajoz,Plaza de la Constitución,Plaza de la Constitución,2026-09-02,20:00,,"38,725535","-6,538243",,Sin confirmar,El punto del mapa es aproximado: señala el centro del municipio.,Publicada,Ambas
Táliga,Badajoz,Puerta del Ayuntamiento,Puerta del Ayuntamiento,2026-09-02,20:00,,"38,528727","-7,016327",,Sin confirmar,,Publicada,Ambas
Valencia del Mombuey,Badajoz,Plaza de España,Plaza de España,2026-09-02,20:00,,"38,242269","-7,118847",Ayuntamiento,Difundida,,Retirada · no aparece en el listado oficial del 29 de agosto,Ambas
Zalamea de la Serena,Badajoz,Plaza Calderón de la Barca,Plaza Calderón de la Barca,2026-09-02,20:00,,"38,65314","-5,66",,Sin confirmar,,Publicada,Ambas
Alaior,Baleares,Frente al Ayuntamiento,Frente al Ayuntamiento,2026-09-02,20:00,,"39,9304","4,1404",Ayuntamiento de Alaior,Difundida,,Publicada,Ambas
Alcúdia,Baleares,Puerta del Ayuntamiento,Puerta del Ayuntamiento,2026-09-02,20:00,,"39,853247","3,12125",,Sin confirmar,El punto del mapa es aproximado: señala el centro del municipio.,Publicada,Ambas
Andratx,Baleares,Ajuntament d'Andratx,Ajuntament d'Andratx,2026-09-02,20:00,,"39,576232","2,424448",,Sin confirmar,,Publicada,Ambas
Eivissa,Baleares,"Ayuntamiento de Eivissa - Can Botino (Pere Tur, 1)","Ayuntamiento de Eivissa - Can Botino (Pere Tur, 1)",2026-09-02,20:00,,"38,907191","1,437395",,,,Publicada,Listado oficial
Eivissa,Baleares,"Servicio de Atención a la Ciudadanía (SAC), C. Canarias 35",,2026-09-02,20:00,,"38,9086","1,4296",Ayuntamiento de Eivissa / FEMP,Difundida,,Solo en porceuta.es,porceuta.es
Marratxí,Baleares,Plaça de l'Ajuntament,Plaça de l'Ajuntament,2026-09-02,20:00,,"39,626844","2,735933",,Sin confirmar,El punto del mapa es aproximado: señala el centro del municipio.,Publicada,Ambas
Muro,Baleares,Puerta del Ayuntamiento,Puerta del Ayuntamiento,2026-09-02,20:00,,"39,737064","3,056707",,Sin confirmar,El punto del mapa es aproximado: señala el centro del municipio.,Publicada,Ambas
Palma,Baleares,Plaça de Cort,,2026-09-02,20:00,,"39,569615","2,650064",,Sin confirmar,,Solo en porceuta.es,porceuta.es
Palma de Mallorca,Baleares,Plaça de Cort,"Plaça de Cort, Palma de Mallorca",2026-09-02,20:00,,"39,569615","2,650064",,,Recogido de prensa (El Diario de Madrid),Publicada,Listado oficial
Santa Eulària des Riu,Baleares,"Sede del Ajuntament de Santa Eulària, Plaça d'Espanya 1",,2026-09-02,20:00,,"38,9910587","1,474252",Ajuntament de Santa Eulària des Riu / FEMP,Difundida,https://vivirediciones.es/santa-eulalia-del-rio/santa-eularia-concentracion-apoyo-ceuta-septiembre/,Solo en porceuta.es,porceuta.es
Badalona,Barcelona,Plaza de la Vila,"Plaza de la Vila, Badalona",2026-09-02,20:00,,"41,449907","2,2475683",Ayuntamiento de Badalona,Difundida,,Publicada,Ambas
Barcelona,Barcelona,Plaça de Sant Jaume,"Plaça de Sant Jaume, Barcelona",2026-09-02,20:00,,"41,3826","2,17701",PP Barcelona / Daniel Sirera,Confirmada,,Publicada,Ambas
Castelldefels,Barcelona,Plaça de l'Església,Plaça de l'Església,2026-09-02,20:00,,"41,280551","1,977078",Ajuntament de Castelldefels / FEMP,Difundida,,Publicada,Ambas
Cornella de Llobregat,Barcelona,"Plaza de la Iglesia, frente al ayuntamiento",,2026-09-02,20:00,,"41,355724","2,0706225",,Sin confirmar,,Solo en porceuta.es,porceuta.es
L'Hospitalet de Llobregat,Barcelona,"Plaça de l'Ajuntament, frente al Ayuntamiento","Plaça de l'Ajuntament, frente al Ayuntamiento",2026-09-02,20:00,,"41,3596","2,0997",Grupo Municipal PP de L'Hospitalet / convocatoria local,Confirmada,,Retirada · no aparece en el listado oficial del 29 de agosto,Ambas
Sabadell,Barcelona,Plaça Sant Roc,"Plaça Sant Roc, 08201",2026-09-02,20:00,,"41,54635","2,108206",,Sin confirmar,Por Ceuta,Publicada,Ambas
sant cugat del vallès,Barcelona,Plaça de la Vil·la,,2026-09-02,19:00,NO son las 20:00,"41,4707933","2,0848815",,Sin confirmar,,Solo en porceuta.es,porceuta.es
Sant Sadurní d'Anoia,Barcelona,Plaça de l'Ajuntament,Plaça de l'Ajuntament,2026-09-02,20:00,,"41,424072","1,786578",,Sin confirmar,,Publicada,Ambas
Tarrasa,Barcelona,Ayuntamiento de Tarrasa,,2026-09-02,20:00,,"41,5634361","2,0103589",,Sin confirmar,,Solo en porceuta.es,porceuta.es
Terrassa,Barcelona,Raval de Montserrat (Ajuntament de Terrassa),"Raval de Montserrat (Ajuntament de Terrassa), Terrassa, 08221",2026-09-02,20:00,,"41,5631581","2,0101093",,Confirmada,https://ceutanosune.es/lugares,Publicada,Ambas
Burgos,Burgos,Plaza del Mío Cid,"Plaza del Mío Cid, Burgos",2026-09-02,20:00,,"42,34061","-3,69954",Ayuntamiento de Burgos,Difundida,Recogido de prensa (El Diario de Madrid),Publicada,Ambas
Miranda de Ebro,Burgos,Plaza de España,Plaza de España,2026-09-02,20:00,,"42,683034","-2,952452",,Sin confirmar,,Publicada,Ambas
Roa,Burgos,Frente al Ayuntamiento,Frente al Ayuntamiento,2026-09-02,20:00,,"41,697102","-3,928167",,Sin confirmar,,Publicada,Ambas
Alcántara,Cáceres,Plaza de España,Plaza de España,2026-09-02,20:00,,"39,720532","-6,887432",,Sin confirmar,,Publicada,Ambas
Cáceres,Cáceres,Fachada del ayuntamiento,Fachada del ayuntamiento,2026-09-02,20:00,,"39,4753","-6,3724",,Confirmada,,Publicada,Ambas
Casar de Cáceres,Cáceres,Puertas del Ayuntamiento,Puertas del Ayuntamiento,2026-09-02,20:00,,"39,561467","-6,416968",Ayuntamiento de Casar de Cáceres,Difundida,,Retirada · no aparece en el listado oficial del 29 de agosto,Ambas
Coria,Cáceres,Puerta del ayuntamiento,"Pl. de San Pedro, 1, 10800 Coria, Cáceres",2026-09-02,20:00,,"39,983439","-6,535092","Por la FEMP, segun PP Coria",,,Pendiente de revisar,Listado oficial
Logrosán,Cáceres,Plaza de España,Plaza de España,2026-09-02,20:00,,"39,336776","-5,492372",,Sin confirmar,,Publicada,Ambas
Malpartida de Cáceres,Cáceres,Fuente de la Plaza Mayor,Fuente de la Plaza Mayor,2026-09-02,20:00,,"39,445842","-6,504675",,Sin confirmar,El punto del mapa es aproximado: señala el centro del municipio.,Publicada,Ambas
Plasencia,Cáceres,Plaza Mayor,Plaza Mayor,2026-09-02,20:00,,"40,029921","-6,090168",,Confirmada,,Publicada,Ambas
Talayuela,Cáceres,Plaza de la Constitución,"Plaza de la Constitución, 10310",2026-09-02,20:00,,"39,976046","-5,610266",,,,Publicada,Listado oficial
Talayuela,Cáceres,"Puerta del Ayuntamiento, Plaza Real",,2026-09-02,20:00,,"39,9871","-5,609",Ayuntamiento de Talayuela / FEMP,Difundida,,Solo en porceuta.es,porceuta.es
Algeciras,Cádiz,Plaza Alta,"Plaza Alta, Algeciras, 11201",2026-09-02,20:00,,"36,1312494","-5,447319",Esteban Ruzafa Pozo,Confirmada,"Ceuta no se vende, Ceuta se defiende",Publicada,Ambas
Algodonales,Cádiz,Plaza de la Constitución,"Plaza de la Constitución, 11680",2026-09-02,20:00,,"36,879693","-5,404776",,Confirmada,ALGODONALES CON CEUTA CEUTA ES ESPAÑA,Publicada,Ambas
Arcos de la Frontera,Cádiz,Paseo de Andalucía,"Paseo de Andalucía, Arcos de la Frontera",2026-09-02,20:00,,"36,7507361","-5,8144143",,Sin confirmar,,Publicada,Ambas
Barbate,Cádiz,Ayuntamiento de Barbate,"Ayuntamiento de Barbate, Barbate, 11160",2026-09-02,20:00,,"36,1928972","-5,9188807",Ayuntamiento de Barbate,Difundida,,Publicada,Ambas
Benalup-Casas Viejas,Cádiz,Ayuntamiento,"Ayuntamiento, Benalup-Casas Viejas, 11190",2026-09-02,20:00,,"36,3465024","-5,8121141",,Sin confirmar,,Publicada,Ambas
Cádiz,Cádiz,Plaza San Juan de Dios,"Plaza San Juan de Dios, Cádiz",2026-09-02,20:00,,"36,5302274","-6,2924416",Ayuntamiento de Cádiz,Difundida,,Publicada,Ambas
Chiclana de la Frontera,Cádiz,Ayuntamiento de Chiclana,"Ayuntamiento de Chiclana, Chiclana de la Frontera, 11130",2026-09-02,20:00,,"36,4196082","-6,1493454",,Confirmada,,Publicada,Ambas
Chipiona,Cádiz,Puerta del Ayuntamiento,"Puerta del Ayuntamiento, Chipiona, 11550",2026-09-02,20:00,,"36,7408967","-6,4358834",,Sin confirmar,,Publicada,Ambas
Conil de la Frontera,Cádiz,Ayuntamiento de Conil,,2026-09-02,20:00,,"36,277053","-6,08787",Nuevas Generaciones de Conil,Confirmada,,Solo en porceuta.es,porceuta.es
El Puerto de Santa María,Cádiz,"Plaza Isaac Peral, ante el Ayuntamiento","Plaza Isaac Peral, ante el Ayuntamiento",2026-09-02,20:00,,"36,600269","-6,225079",Ayuntamiento de El Puerto de Santa María,Difundida,,Retirada · no aparece en el listado oficial del 29 de agosto,Ambas
Jerez de la Frontera,Cádiz,Plaza del Ayuntamiento,"Plaza del Ayuntamiento, Jerez de la Frontera, 11403",2026-09-02,20:00,,"36,6830408","-6,1403948",,Difundida,Convocada por el Ayuntamiento,Publicada,Ambas
La Barca de la Florida,Cádiz,Plaza del Ayuntamiento,"Plaza del Ayuntamiento, 11570",2026-09-02,20:00,,"36,649011","-5,933949",,Sin confirmar,,Publicada,Ambas
La Línea de la Concepcion,Cádiz,Plaza del ayuntamiento,,2026-09-02,20:00,,"36,159645","-5,350876",,Sin confirmar,,Solo en porceuta.es,porceuta.es
Los Barrios,Cádiz,Puertas de la Casa Consistorial,"Puertas de la Casa Consistorial, Los Barrios, 11370",2026-09-02,20:00,,"36,1856385","-5,4928868",Ayuntamiento de Los Barrios / FEMP,Difundida,,Publicada,Ambas
Medina Sidonia,Cádiz,Frente al Ayuntamiento,Frente al Ayuntamiento,2026-09-02,20:00,,"36,456003","-5,927645",,Sin confirmar,,Publicada,Ambas
Rota,Cádiz,Castillo de la Luna,"Castillo de la Luna, Rota, 11520",2026-09-02,20:00,,"36,6169332","-6,3580723",Iniciativa vecinal / Por Ceuta,Confirmada,https://rotaaldia.com/art/49921/una-iniciativa-vecinal-promueve-en-rota-una-concentracion-pacifica-en-apoyo-a-ceuta-el-proximo-2-de-septiembre,Publicada,Ambas
San Fernando,Cádiz,Plaza del Rey,"Plaza del Rey, 11100",2026-09-02,20:00,,"36,464701","-6,198396",PP de San Fernando / convocatoria FEMP,Difundida,,Publicada,Ambas
San Martín del Tesorillo,Cádiz,Puerta del Ayuntamiento,"Puerta del Ayuntamiento, San Martín del Tesorillo, 11340",2026-09-02,20:00,,"36,3399688","-5,321205",Ayuntamiento de San Martín del Tesorillo,Difundida,,Publicada,Ambas
San Roque,Cádiz,Plaza de las Constituciones,"Plaza de las Constituciones, San Roque, 11360",2026-09-02,20:00,,"36,2104798","-5,391614",,Sin confirmar,,Publicada,Ambas
Setenil de las Bodegas,Cádiz,Puerta del Ayuntamiento,"Puerta del Ayuntamiento, Setenil de las Bodegas, 11692",2026-09-02,20:00,,"36,8640542","-5,1814492",,Sin confirmar,,Publicada,Ambas
Tarifa,Cádiz,Ayuntamiento de Tarifa,"Ayuntamiento de Tarifa, Tarifa, 11380",2026-09-02,20:00,,"36,0117733","-5,6020591",,Sin confirmar,"Ceuta no se vende, Ceuta se DEFIENDE. Pedro Sánchez dimisión",Publicada,Ambas
Ubrique,Cádiz,Plaza del Ayuntamiento,,2026-09-02,20:00,,"36,677423","-5,443188",,Sin confirmar,,Solo en porceuta.es,porceuta.es
Vejer de la Frontera,Cádiz,"Plaza de España, ante el Ayuntamiento","Plaza de España, ante el Ayuntamiento",2026-09-02,20:00,,"36,251937","-5,967049",Ayuntamiento de Vejer de la Frontera / FEMP,Difundida,,Retirada · no aparece en el listado oficial del 29 de agosto,Ambas
Villamartín,Cádiz,Plaza del Ayuntamiento,"Plaza del Ayuntamiento, Villamartín",2026-09-02,20:00,,"36,8609598","-5,6417149",Ayuntamiento de Villamartín,Difundida,,Publicada,Ambas
Castro-Urdiales,Cantabria,Plaza del Ayuntamiento,"Plaza del Ayuntamiento, 39700",2026-09-02,20:00,,"43,383975","-3,217505",Vecinos,Sin confirmar,"Ceuta no se vende, Ceuta se defiende.",Publicada,Ambas
El Astillero,Cantabria,"Ayuntamiento de El Astillero, C/ San José","Ayuntamiento de El Astillero, C/ San José",2026-09-02,20:00,,"43,40066","-3,81975",Ayuntamiento de El Astillero / FEMP,Difundida,Convocatoria confirmada y detectada en los barridos del 26-27/08/2026,Publicada,Ambas
Laredo,Cantabria,Ayuntamiento de Laredo,Ayuntamiento de Laredo,2026-09-02,20:00,,"43,409849","-3,414343",,Sin confirmar,,Publicada,Ambas
Los Corrales de Buelna,Cantabria,Ayuntamiento,Ayuntamiento,2026-09-02,20:00,,"43,255588","-4,068383",,Sin confirmar,,Publicada,Ambas
Renedo de Piélagos,Cantabria,Ayuntamiento de Renedo,Ayuntamiento de Renedo,2026-09-02,20:00,,"43,355811","-3,956361",Ayuntamiento,Difundida,,Publicada,Ambas
Santa María de Cayón,Cantabria,Jardines del Ayuntamiento,"Jardines del Ayuntamiento, 39694",2026-09-02,20:00,,"43,30976","-3,85548",,Confirmada,El punto del mapa es aproximado: señala el centro del municipio.,Publicada,Ambas
Santander,Cantabria,Plaza del Ayuntamiento,"Plaza del Ayuntamiento, Santander, 39002",2026-09-02,20:00,,"43,4618795","-3,8103163",,Confirmada,Recogido de prensa (El Diario de Madrid),Retirada · el listado oficial la marca sin confirmar: ubicación no especificada,Ambas
Santoña,Cantabria,"Frente al Ayuntamiento, C. Manzanedo 27","Frente al Ayuntamiento, C. Manzanedo 27, 39749",2026-09-02,20:00,,"43,44485","-3,45615",Convocatoria local / iniciativa Por Ceuta,Confirmada,,Publicada,Ambas
Torrelavega,Cantabria,"Plaza ayuntamiento, boulevard",,2026-09-02,20:00,,"43,3487303","-4,0515082",,Sin confirmar,,Solo en porceuta.es,porceuta.es
Almassora,Castellón,"Puertas del Ayuntamiento, Plaça de Pere Cornell","Puertas del Ayuntamiento, Plaça de Pere Cornell, 12550",2026-09-02,20:00,,"39,945504","-0,063674",Ayuntamiento de Almassora,Difundida,,Retirada · no aparece en el listado oficial del 29 de agosto,Ambas
Ares del Maestrat,Castellón,Plaza del Ayuntamiento,"Plaza del Ayuntamiento, 12165",2026-09-02,20:00,,"40,456535","-0,131962",,Confirmada,Todo el Pueblo,Publicada,Ambas
Benicàssim,Castellón,Ayuntamiento,Ayuntamiento,2026-09-02,20:00,,"40,056076","0,064308",Ayuntamiento de Benicàssim / FEMP,Difundida,,Publicada,Ambas
Borriana,Castellón,Plaza Mayor,Plaza Mayor,2026-09-02,20:00,,"39,88916","-0,08496",Ayuntamiento de Burriana / FEMP,Difundida,Convocatoria confirmada y detectada en los barridos del 26-27/08/2026; ausente del CSV base de 204 registros.,Retirada · no aparece en el listado oficial del 29 de agosto,Ambas
Castellón de la Plana,Castellón,Plaza María Agustina,"Plaza María Agustina, Castellón de la Plana, 12001",2026-09-02,20:00,,"39,9884844","-0,0343737",,,Recogido de prensa (El Distrito),Publicada,Listado oficial
Castellón de la Plana,Castellón,Plaza Mayor,,2026-09-02,20:00,,"39,985","-0,037",Ayuntamiento de Castellón de la Plana / FEMP,Difundida,,Solo en porceuta.es,porceuta.es
Nules,Castellón,Faro Playa Nules,"Faro Playa Nules, Nules, 12520",2026-09-02,20:00,,"39,8532265","-0,1550092",,Confirmada,El punto del mapa es aproximado: señala el centro del municipio. Recogido de prensa (El Distrito) · Día de Ceuta. Contra la invasión marroquí de las ciudades ESPAÑOLAS de Ceuta y Melilla.,Retirada · no aparece en el listado oficial del 29 de agosto,Ambas
Oropesa del Mar,Castellón,Ayuntamiento,Ayuntamiento,2026-09-02,20:00,,"40,094476","0,134724",,Sin confirmar,,Publicada,Ambas
Peñíscola,Castellón,Puerta del ayuntamiento,Puerta del ayuntamiento,2026-09-02,20:00,,"40,358455","0,406683",,Sin confirmar,,Publicada,Ambas
Segorbe,Castellón,Plaza Agua Limpia,,2026-09-02,20:00,,"39,851536","-0,489628","Asociación C. ""Espada de San Miguel""",Sin confirmar,,Solo en porceuta.es,porceuta.es
Ceuta,Ceuta,Marina de Ceuta,,2026-08-29,12:00,NO son las 20:00 · OTRA FECHA,"35,889765","-5,314657",,Confirmada,"Armada de Solidaridad. Flota de barcos para demostrar apoyo a Ceuta y conocer la realidad. 629 223 369, 609 462 523, 629 640 515 y 645 634 483",Solo en porceuta.es,porceuta.es
Ceuta,Ceuta,Murallas Reales,"Murallas Reales, Ceuta, 51002",2026-09-02,19:00,NO son las 20:00,"35,8889186","-5,3188995",Federación Provincial de Asociaciones de Vecinos de Ceuta / Foro Ceuta Siglo XXI,Confirmada,Marcha desde las Murallas Reales hasta la Delegación del Gobierno,Publicada,Ambas
Ceuta,Ceuta,Plaza de los Reyes,"Plaza de los Reyes, Ceuta",2026-09-02,20:00,,"35,8871919","-5,308373",Avante 2/3,Confirmada,Frente a la Delegación del Gobierno,Publicada,Ambas
Alcázar de San Juan,Ciudad Real,Plaza de España,Plaza de España,2026-09-02,20:00,,"39,389711","-3,210347",,Sin confirmar,,Publicada,Ambas
Almagro,Ciudad Real,Plaza Mayor,Plaza Mayor,2026-09-02,20:00,,"38,888449","-3,712111",Partido Popular de Almagro,Confirmada,,Publicada,Ambas
Argamasilla de Alba,Ciudad Real,Puerta del Ayuntamiento,"Puerta del Ayuntamiento, Argamasilla de Alba, 13710",2026-09-02,20:00,,"39,1286309","-3,0901018",,Sin confirmar,,Publicada,Ambas
Bolaños de Calatrava,Ciudad Real,Plaza de España,Plaza de España,2026-09-02,20:00,,"38,906253","-3,662981",Ayuntamiento de Bolaños de Calatrava,Difundida,Ceuta no está sola,Publicada,Ambas
Ciudad Real,Ciudad Real,Plaza Mayor (fin de la marcha),"Plaza Mayor (fin de la marcha), Ciudad Real, 13001",2026-09-02,19:30,NO son las 20:00,"38,98539","-3,92854",Ayuntamiento,Difundida,La marcha sale de la Plazoleta Río Becea a las 19:30 y termina aquí sobre las 20:30. El punto del mapa es el final del recorrido.,Publicada,Ambas
Daimiel,Ciudad Real,Plaza de España,,2026-09-02,20:00,,"39,072196","-3,6143611",,Sin confirmar,,Solo en porceuta.es,porceuta.es
Guadalmez,Ciudad Real,Puerta del Ayuntamiento,Puerta del Ayuntamiento,2026-09-02,20:00,,"38,727737","-4,971172",Ayuntamiento de Guadalmez,Difundida,,Retirada · no aparece en el listado oficial del 29 de agosto,Ambas
La Solana,Ciudad Real,Plaza mayor,,2026-09-02,20:00,,"38,941937","-3,236528",Ayuntamiento de la Solana,Difundida,,Solo en porceuta.es,porceuta.es
Membrilla,Ciudad Real,Puerta del Ayuntamiento,"Puerta del Ayuntamiento, Membrilla",2026-09-02,20:00,,"38,9725271","-3,3487688",Ayuntamiento de Membrilla,Difundida,,Publicada,Ambas
Miguelturra,Ciudad Real,"Plaza de España, frente al Ayuntamiento","Plaza de España, frente al Ayuntamiento",2026-09-02,20:00,,"38,96467","-3,88943",Ayuntamiento de Miguelturra / FEMP,Difundida,Convocatoria confirmada y detectada en los barridos del 26-27/08/2026; ausente del CSV base de 204 registros.,Retirada · no aparece en el listado oficial del 29 de agosto,Ambas
Pedro Muñoz,Ciudad Real,Plaza de España,"Plaza de España, Pedro Muñoz",2026-09-02,20:00,,"39,4059161","-2,9471059",,Sin confirmar,,Publicada,Ambas
Puertollano,Ciudad Real,Plaza de la Constitución,"Plaza de la Constitución, Puertollano",2026-09-02,20:00,,"38,6866267","-4,1105819",Ayuntamiento de Puertollano / FEMP,Difundida,Recogido de prensa (El Distrito),Publicada,Ambas
Socuéllamos,Ciudad Real,Plaza de la Constitución,"Plaza de la Constitución, Socuéllamos",2026-09-02,20:00,,"39,2865312","-2,7931113",Ayuntamiento de Socuéllamos / FEMP-FEMPCLM,Difundida,,Publicada,Ambas
Tomelloso,Ciudad Real,Plaza de España,,2026-09-02,20:00,,"39,1585549","-3,0214851",Ayuntamiento de Tomelloso,Difundida,,Solo en porceuta.es,porceuta.es
Valdepeñas,Ciudad Real,Plaza España,"Plaza España, 13300",2026-09-02,20:00,,"38,759666","-3,384867",,Sin confirmar,,Publicada,Ambas
Villarrubia de los Ojos,Ciudad Real,Puerta del Ayuntamiento,"Puerta del Ayuntamiento, Villarrubia de los Ojos, 13670",2026-09-02,20:00,,"39,2179661","-3,6076339",,Sin confirmar,,Publicada,Ambas
Benamejí,Córdoba,Puerta del Ayuntamiento,"Puerta del Ayuntamiento, Benamejí, 14910",2026-09-02,20:00,,"37,2675446","-4,5405026",,Sin confirmar,,Publicada,Ambas
Bujalance,Córdoba,Plaza Mayor,Plaza Mayor,2026-09-02,20:00,,"37,89626","-4,38252",Ayuntamiento de Bujalance / FEMP,Difundida,Convocatoria confirmada y detectada en los barridos del 26-27/08/2026; ausente del CSV base de 204 registros.,Retirada · no aparece en el listado oficial del 29 de agosto,Ambas
Cabra,Córdoba,Plaza de España,"Plaza de España, Cabra, 14940",2026-09-02,20:00,,"37,4731021","-4,4432755",,Sin confirmar,,Publicada,Ambas
Cañete de las Torres,Córdoba,"Puerta del Ayuntamiento, Plaza de España","Puerta del Ayuntamiento, Plaza de España",2026-09-02,20:00,,"37,86716","-4,31828",Ayuntamiento de Cañete de las Torres / FEMP,Difundida,Convocatoria confirmada y detectada en los barridos del 26-27/08/2026; ausente del CSV base de 204 registros.,Retirada · no aparece en el listado oficial del 29 de agosto,Ambas
Córdoba,Córdoba,Ayuntamiento de Córdoba,,2026-09-02,20:00,,"37,8852921","-4,7760057",Ayuntamiento de Córdoba,Difundida,,Solo en porceuta.es,porceuta.es
Córdoba,Córdoba,Plaza de las Tendillas,"Plaza de las Tendillas, Córdoba",2026-09-02,20:00,,"37,8845063","-4,7795552",,,Recogido de prensa (El Diario de Madrid),Publicada,Listado oficial
Dos Torres,Córdoba,Puertas del Ayuntamiento,Puertas del Ayuntamiento,2026-09-02,20:00,,"38,445152","-4,894803",,Sin confirmar,,Publicada,Ambas
El Carpio,Córdoba,Plaza de la Constitución,Plaza de la Constitución,2026-09-02,20:00,,"37,94035","-4,49633",Ayuntamiento de El Carpio / FEMP,Difundida,Convocatoria confirmada y detectada en los barridos del 26-27/08/2026; ausente del CSV base de 204 registros.,Retirada · no aparece en el listado oficial del 29 de agosto,Ambas
Encinas Reales,Córdoba,Plaza del Ayuntamiento,"Plaza del Ayuntamiento, 14913",2026-09-02,20:00,,"37,274577","-4,488763",,Sin confirmar,El punto del mapa es aproximado: señala el centro del municipio.,Publicada,Ambas
Hornachuelos,Córdoba,Ayuntamiento,"Ayuntamiento, Hornachuelos, 14740",2026-09-02,20:00,,"37,8309611","-5,2428203",,Sin confirmar,,Publicada,Ambas
La Carlota,Córdoba,"Puerta del Ayuntamiento, Av. Carlos III 50",,2026-09-02,20:00,,"37,67363","-4,93281",PP y VOX de La Carlota / FEMP-FAMP,Difundida,,Solo en porceuta.es,porceuta.es
La Rambla,Córdoba,Puerta del Ayuntamiento,"Puerta del Ayuntamiento, La Rambla, 14540",2026-09-02,20:00,,"37,6081252","-4,7419177",,Sin confirmar,,Publicada,Ambas
Lucena,Córdoba,Plaza Nueva,"Plaza Nueva, Lucena, 14900",2026-09-02,20:00,,"37,4088641","-4,4850796",,Sin confirmar,,Publicada,Ambas
Montilla,Córdoba,"Frente al Ayuntamiento de Montilla (Puerta de Aguilar, 10)",,2026-09-02,20:00,,"37,586419","-4,640118",Redacciónsur,Sin confirmar,,Solo en porceuta.es,porceuta.es
Peñarroya-Pueblonuevo,Córdoba,Calle Constitución,Calle Constitución,2026-09-02,20:00,,"38,299625","-5,267887",,Sin confirmar,,Publicada,Ambas
Posadas,Córdoba,Plaza del Ayuntamiento,Plaza del Ayuntamiento,2026-09-02,20:00,,"37,800351","-5,107137",,Sin confirmar,,Publicada,Ambas
Puente Genil,Córdoba,Paseo del Romeral,"Paseo del Romeral, Puente Genil, 14500",2026-09-02,20:00,,"37,3900049","-4,7710453",Ayuntamiento de Puente Genil,Difundida,,Publicada,Ambas
Rute,Córdoba,Ayuntamiento de Rute,Ayuntamiento de Rute,2026-09-02,20:00,,"37,325304","-4,369977",Ayuntamiento de Rute,Difundida,https://www.instagram.com/p/DcirGS3DkIa/?igsi=YzU4dDkwNG42Y2hy,Retirada · no aparece en el listado oficial del 29 de agosto,Ambas
Villa del Río,Córdoba,Plaza de la Constitución,Plaza de la Constitución,2026-09-02,20:00,,"37,98146","-4,29045",Ayuntamiento de Villa del Río / FEMP,Difundida,Convocatoria confirmada y detectada en los barridos del 26-27/08/2026; ausente del CSV base de 204 registros.,Retirada · no aparece en el listado oficial del 29 de agosto,Ambas
Cuenca,Cuenca,Plaza Mayor,"Plaza Mayor, Cuenca, 16001",2026-09-02,20:00,,"40,077943","-2,1302316",,,,Publicada,Listado oficial
Cuenca,Cuenca,Plaza Mayor frente al Ayuntamiento,,2026-09-02,20:00,,"40,0704","-2,1374",FEMP,Difundida,,Solo en porceuta.es,porceuta.es
El Pedernoso,Cuenca,Plaza del Ayuntamiento,"Plaza del Ayuntamiento, El Pedernoso",2026-09-02,20:00,,"39,4855109","-2,7463772",,Sin confirmar,,Publicada,Ambas
Horcajo de Santiago,Cuenca,Plaza de España,Plaza de España,2026-09-02,20:00,,"39,84216","-2,997374",Ayuntamiento de Horcajo de Santiago,Difundida,Horcajo con Ceuta,Retirada · no aparece en el listado oficial del 29 de agosto,Ambas
San Clemente,Cuenca,Plaza Mayor,Plaza Mayor,2026-09-02,20:00,,"39,403738","-2,429134",,Sin confirmar,,Publicada,Ambas
Sisante,Cuenca,Plaza del Doctor Fernández Turégano,Plaza del Doctor Fernández Turégano,2026-09-02,20:00,,"39,407128","-2,201534",,Sin confirmar,,Publicada,Ambas
Tarancón,Cuenca,Plaza del Ayuntamiento,,2026-09-02,20:00,,"40,0086075","-3,0102243",FEMP,Difundida,,Solo en porceuta.es,porceuta.es
Villalba de la Sierra,Cuenca,Puertas del Ayuntamiento,"Puertas del Ayuntamiento, 16140",2026-09-02,20:00,,"40,235287","-2,088419",,Sin confirmar,,Publicada,Ambas
Miami,Florida (EE. UU.),Consulado de España en Miami,,2026-09-02,,SIN HORA,"25,7617","-80,1918",,Sin confirmar,,Solo en porceuta.es,porceuta.es
banyoles,Girona,plaça independencia,,2026-09-05,20:00,OTRA FECHA,"42,1180477","2,7653607",,Sin confirmar,,Solo en porceuta.es,porceuta.es
Figueres,Girona,Plaça de l'Ajuntament,"Plaça de l'Ajuntament, Figueres, 17600",2026-09-02,20:00,,"42,267257","2,9608552",,Sin confirmar,,Publicada,Ambas
Girona,Girona,Plaça del Vi,Plaça del Vi,2026-09-02,20:00,,"41,983059","2,824567",,Sin confirmar,,Publicada,Ambas
Albolote,Granada,Puerta del Ayuntamiento,"Puerta del Ayuntamiento, 18220",2026-09-02,20:00,,"37,230543","-3,657217",,Sin confirmar,,Publicada,Ambas
Alhama de Granada,Granada,Plaza de España,"Plaza de España, 18120",2026-09-02,20:00,,"37,002829","-3,98911",,Sin confirmar,El punto del mapa es aproximado: señala el centro del municipio.,Publicada,Ambas
Alhendín,Granada,Plaza de España,"Plaza de España, Alhendín, 18620",2026-09-02,20:00,,"37,1078764","-3,6457852",Ayuntamiento de Alhendín,Difundida,"El cartel lo pone en Córdoba; corregido a Granada, que es su provincia",Publicada,Ambas
Almuñécar,Granada,Plaza de España,"Plaza de España, Almuñécar, 18690",2026-09-02,20:00,,"36,7337969","-3,6911076",Ayuntamiento de Almuñécar,Difundida,,Publicada,Ambas
Churriana de la Vega,Granada,Plaza de la Constitución,"Plaza de la Constitución, Churriana de la Vega",2026-09-02,20:00,,"37,1478348","-3,6462413",,Sin confirmar,,Publicada,Ambas
Granada,Granada,Plaza del Carmen,"Plaza del Carmen, Granada",2026-09-02,20:00,,"37,174107","-3,5988522",,Sin confirmar,,Publicada,Ambas
Huétor Santillán,Granada,Plaza del Ayuntamiento,"Plaza del Ayuntamiento, 18183",2026-09-02,20:00,,"37,218481","-3,517304",,Sin confirmar,El punto del mapa es aproximado: señala el centro del municipio.,Publicada,Ambas
Jun,Granada,Ayuntamiento de Jun,"Ayuntamiento de Jun, 18213",2026-09-02,20:00,,"37,221949","-3,594359",,Sin confirmar,,Publicada,Ambas
La Puebla de Don Fadrique,Granada,Ayuntamiento,,2026-09-02,20:00,,"39,6670663","-3,2423102",Ayuntamiento De la Villa de don Fadrique,Difundida,,Solo en porceuta.es,porceuta.es
Lecrín,Granada,Puerta del Ayuntamiento,"Puerta del Ayuntamiento, 18656",2026-09-02,20:00,,"36,948011","-3,55065",,Sin confirmar,,Publicada,Ambas
Loja,Granada,Puerta del Palacio de Narváez,"Puerta del Palacio de Narváez, Loja",2026-09-02,20:00,,"37,1523601","-4,2057079",,Sin confirmar,El punto del mapa es aproximado: señala el centro del municipio,Publicada,Ambas
Motril,Granada,Plaza de España,"Plaza de España, Motril",2026-09-02,20:00,,"36,7451873","-3,5208166",Ayuntamiento de Motril / FEMP,Difundida,https://motril.es/el-ayuntamiento-de-motril-se-suma-a-la-concentracion-convocada-por-la-femp-en-solidaridad-con-ceuta/,Publicada,Ambas
Ogíjares,Granada,Puerta del Ayuntamiento,"Puerta del Ayuntamiento, Ogíjares, 18151",2026-09-02,20:00,,"37,1200582","-3,6069119",,Sin confirmar,,Publicada,Ambas
Órgiva,Granada,Puerta del Ayuntamiento,"Puerta del Ayuntamiento, 18400",2026-09-02,20:00,,"36,900492","-3,423963",,Sin confirmar,El punto del mapa es aproximado.,Publicada,Ambas
Puebla de Don Fadrique,Granada,Ayuntamiento Puebla de Don Fadrique,,2026-09-02,20:00,,"37,9578472","-2,4348912",,Sin confirmar,Concentración en apoyo a Ceuta,Solo en porceuta.es,porceuta.es
Santa Fe,Granada,Plaza España,,2026-09-02,20:00,,"37,1895171","-3,7183561",,Sin confirmar,"Ceuta es España, todos con Ceuta.",Solo en porceuta.es,porceuta.es
Alovera,Guadalajara,Ayuntamiento,Ayuntamiento,2026-09-02,20:00,,"40,595357","-3,248776",,Confirmada,,Retirada · no aparece en el listado oficial del 29 de agosto,Ambas
El Casar,Guadalajara,Plaza de la Constitución,"Plaza de la Constitución, El Casar, 19170",2026-09-02,20:00,,"40,7024507","-3,4279241",,,,Publicada,Listado oficial
El Casar,Guadalajara,"Plaza de la Constitución, frente al Ayuntamiento",,2026-09-02,20:00,,"40,765272","-3,415272",Ayuntamiento de El Casar / FEMP,Difundida,,Solo en porceuta.es,porceuta.es
Guadalajara,Guadalajara,Frente al Ayuntamiento,,2026-09-02,20:00,,"40,6297","-3,1616",,Confirmada,,Solo en porceuta.es,porceuta.es
Guadalajara,Guadalajara,Plaza Mayor (Ayuntamiento),"Plaza Mayor (Ayuntamiento), Guadalajara, 19001",2026-09-02,20:00,,"40,6336948","-3,1674415",,,,Publicada,Listado oficial
Torrejón del Rey,Guadalajara,"Frente al Ayuntamiento, Plaza Mayor","Frente al Ayuntamiento, Plaza Mayor",2026-09-02,20:00,,"40,6438","-3,33455",Ayuntamiento de Torrejón del Rey / FEMP,Difundida,Convocatoria confirmada y detectada en los barridos del 26-27/08/2026; ausente del CSV base de 204 registros.,Retirada · no aparece en el listado oficial del 29 de agosto,Ambas
Yebes,Guadalajara,Puerta del Ayuntamiento,"Puerta del Ayuntamiento, Yebes, 19141",2026-09-02,20:00,,"40,5339432","-3,1106976",,Sin confirmar,,Publicada,Ambas
Yunquera de Henares,Guadalajara,Patio del Palacio de los Mendoza,"Patio del Palacio de los Mendoza, Yunquera de Henares, 19210",2026-09-02,20:00,,"40,7540224","-3,1674304",,Sin confirmar,,Publicada,Ambas
San Sebastián,Guipúzcoa,Jardines de Alderdi Eder,"Jardines de Alderdi Eder, San Sebastián, 20004",2026-09-02,20:00,,"43,3205409","-1,9851737",,,Recogido de prensa (El Distrito),Publicada,Listado oficial
San Sebastián - Donostia,Guipúzcoa,Frente al Ayuntamiento - Jardines de Alderdi Eder,,2026-09-02,20:00,,"43,320541","-1,985174",Constitucionalistas Vascos,Confirmada,Ceuta es España - Ceuta Espaina da Ceuta es Europa - Ceuta Europa da,Solo en porceuta.es,porceuta.es
Almonte,Huelva,Plaza del Ayuntamiento,"Plaza del Ayuntamiento, Almonte, 21730",2026-09-02,20:00,,"37,2623116","-6,5182252",,Sin confirmar,,Publicada,Ambas
Alosno,Huelva,Ayuntamiento,Ayuntamiento,2026-09-02,20:00,,"37,549226","-7,113974",,Sin confirmar,,Publicada,Ambas
Aracena,Huelva,Plaza Marqués de Aracena,"Plaza Marqués de Aracena, 21200",2026-09-02,20:00,,"37,894566","-6,561341",Jose Gracia y Calvo,Confirmada,"CONCENTRACIÓN SOLIDARIA, PACÍFICA Y APARTIDISTA EN SOLIDARIDAD CON LAS VÍCTIMAS DE LA INVASIÓN DE CEUTA",Retirada · no aparece en el listado oficial del 29 de agosto,Ambas
Ayamonte,Huelva,Ayuntamiento de Ayamonte,"Ayuntamiento de Ayamonte, Ayamonte, 21400",2026-09-02,20:00,,"37,2143429","-7,4090158",,Sin confirmar,,Publicada,Ambas
Cartaya,Huelva,Ayuntamiento de Cartaya,"Ayuntamiento de Cartaya, Cartaya, 21450",2026-09-02,20:00,,"37,2829019","-7,1551065",Ayuntamiento de Cartaya,Difundida,,Publicada,Ambas
El Portil,Huelva,"Plaza de la Sal, El Portil","Plaza de la Sal, El Portil, 21459",2026-09-02,20:00,,"37,213758","-7,048466",,Sin confirmar,El punto del mapa es aproximado: señala el centro del municipio.,Publicada,Ambas
Gibraleón,Huelva,"Frente al Ayuntamiento de Gibraleón, Plaza de España",,2026-09-02,20:00,,"37,3764","-6,9692",PP de Gibraleón / FEMP,Difundida,,Solo en porceuta.es,porceuta.es
Hinojos,Huelva,Ayuntamiento de Hinojos,Ayuntamiento de Hinojos,2026-09-02,20:00,,"37,292585","-6,376441",,Sin confirmar,,Publicada,Ambas
Huelva,Huelva,Plaza del Ayuntamiento,Plaza del Ayuntamiento,2026-09-02,20:00,,"37,256425","-6,949665",Ayuntamiento de Huelva,Difundida,,Retirada · el listado oficial la marca sin confirmar: pendiente de confirmar,Ambas
Isla Cristina,Huelva,Frente al Ayuntamiento de Isla Cristina,,2026-09-02,20:00,,"37,199433","-7,325089",Odinea de los Ríos / Isla Cristina Enamora,Sin confirmar,,Solo en porceuta.es,porceuta.es
La Palma del Condado,Huelva,Plaza de España,"Plaza de España, La Palma del Condado",2026-09-02,20:00,,"37,3874866","-6,5534536",Ayuntamiento de La Palma del Condado,Difundida,Recogido de prensa (El Distrito),Retirada · no aparece en el listado oficial del 29 de agosto,Ambas
Lepe,Huelva,Ayuntamiento de Lepe,"Ayuntamiento de Lepe, Lepe, 21440",2026-09-02,20:00,,"37,2541241","-7,2032461",Ayuntamiento de Lepe,Difundida,,Publicada,Ambas
Manzanilla,Huelva,Ayuntamiento,Ayuntamiento,2026-09-02,20:00,,"37,388011","-6,429417",,Sin confirmar,,Publicada,Ambas
Palos de la Frontera,Huelva,Plaza de la Constitución,"Plaza de la Constitución, Palos de la Frontera",2026-09-02,20:00,,"37,2238994","-6,8875882",,Sin confirmar,,Publicada,Ambas
Punta Umbría,Huelva,Plaza de la Constitución,"Plaza de la Constitución, Punta Umbría, 21100",2026-09-02,20:00,,"37,182464","-6,9671427",,Sin confirmar,,Publicada,Ambas
San Juan del Puerto,Huelva,Ayuntamiento,"Ayuntamiento, San Juan del Puerto, 21610",2026-09-02,20:00,,"37,3142068","-6,840786",,Sin confirmar,,Publicada,Ambas
Barbastro,Huesca,Plaza Aragon,,2026-09-02,20:00,,"42,0366952","0,127238",,Sin confirmar,,Solo en porceuta.es,porceuta.es
Barbastro,Huesca,Puerta del Ayuntamiento,"Puerta del Ayuntamiento, 22300",2026-09-02,20:00,,"42,036899","0,123362",,,,Publicada,Listado oficial
Huesca,Huesca,Puerta del Casino de Huesca,"Puerta del Casino de Huesca, Huesca, 22002",2026-09-02,20:00,,"42,1361596","-0,4096186",Ayuntamiento de Huesca / FEMP,Difundida,,Publicada,Ambas
Jaca,Huesca,Plaza del Ayuntamiento,"Plaza del Ayuntamiento, Jaca, 22700",2026-09-02,20:00,,"42,5692811","-0,5494241",Ayuntamiento de Jaca,Difundida,,Publicada,Ambas
Monzón,Huesca,"Plaza Mayor, 4 (frente al Ayuntamiento)","Plaza Mayor, 4 (frente al Ayuntamiento)",2026-09-02,20:00,,"41,910811","0,19216",Ayuntamiento de Monzón,Difundida,,Retirada · no aparece en el listado oficial del 29 de agosto,Ambas
Alcalá la Real,Jaén,Plaza del Ayuntamiento,"Plaza del Ayuntamiento, Alcalá la Real, 23680",2026-09-02,20:00,,"37,4635096","-3,9250244",Ayuntamiento / FEMP,Difundida,,Publicada,Ambas
Andújar,Jaén,Plaza de España,"Plaza de España, Andújar",2026-09-02,20:00,,"38,0372031","-4,0543265",Ayuntamiento de Andújar / FEMP,Difundida,,Publicada,Ambas
Baeza,Jaén,Puerta del Ayuntamiento,"Puerta del Ayuntamiento, Baeza, 23440",2026-09-02,20:00,,"37,9935455","-3,4697381",Ayuntamiento / FEMP,Difundida,,Publicada,Ambas
Bailén,Jaén,Puertas del Ayuntamiento,"Puertas del Ayuntamiento, 23710",2026-09-02,20:00,,"38,0964","-3,7779",Ayuntamiento de Bailén,Difundida,,Retirada · no aparece en el listado oficial del 29 de agosto,Ambas
Jaén,Jaén,Plaza de las Batallas,"Plaza de las Batallas, Jaén",2026-09-02,20:00,,"37,7726971","-3,7887146",,,Recogido de prensa (El Distrito),Retirada · el listado oficial dice que no se suma: la capital NO participará; los municipios de la provincia sí,Listado oficial
Jaén,Jaén,Plaza de Santa María,,2026-09-02,20:00,,"37,764776","-3,790695",FEMP / convocatoria local,Difundida,,Solo en porceuta.es,porceuta.es
Jamilena,Jaén,Plaza de la Constitución,,2026-09-02,20:00,,"37,7467038","-3,9124504",,Sin confirmar,,Solo en porceuta.es,porceuta.es
La Carolina,Jaén,Plaza del Ayuntamiento,"Plaza del Ayuntamiento, La Carolina",2026-09-02,20:00,,"38,2741414","-3,6157378",,Sin confirmar,,Publicada,Ambas
La Guardia de Jaén,Jaén,,,2026-09-02,20:00,,"37,7425684","-3,6937084",,Sin confirmar,,Solo en porceuta.es,porceuta.es
Linares,Jaén,Plaza del Ayuntamiento,"Plaza del Ayuntamiento, Linares",2026-09-02,20:00,,"38,0935469","-3,6359646",Ayuntamiento / FEMP,Difundida,,Publicada,Ambas
Los Villares,Jaén,Plaza Fernando Feijoo,"Plaza Fernando Feijoo, Los Villares",2026-09-02,20:00,,"37,6890726","-3,8184569",,Sin confirmar,,Publicada,Ambas
Mancha Real,Jaén,Plaza / entorno del Ayuntamiento,,2026-09-02,20:00,,"37,7864076","-3,6125494",Ayuntamiento / FEMP,Difundida,,Solo en porceuta.es,porceuta.es
Martos,Jaén,"Plaza de la Constitución, frente al Ayuntamiento",,2026-09-02,20:00,,"37,7222633","-3,9703241",Ayuntamiento / FEMP,Difundida,,Solo en porceuta.es,porceuta.es
Martos,Jaén,Puertas del Ayuntamiento,Puertas del Ayuntamiento,2026-09-02,20:00,,"37,722849","-3,965879",,,,Publicada,Listado oficial
Siles,Jaén,Puerta del Ayuntamiento,Puerta del Ayuntamiento,2026-09-02,20:00,,"38,387157","-2,5805",,Sin confirmar,,Publicada,Ambas
Torredonjimeno,Jaén,,,2026-09-02,20:00,,"37,7610096","-3,9511024",,Sin confirmar,,Solo en porceuta.es,porceuta.es
Úbeda,Jaén,Plaza de Andalucía,,2026-09-02,20:00,,"38,011154","-3,371925",FEMP / convocatoria local,Difundida,,Solo en porceuta.es,porceuta.es
Villacarrillo,Jaén,Plaza de la Constitución,"Plaza de la Constitución, 23300",2026-09-02,20:00,,"38,115144","-3,087566",,Sin confirmar,,Publicada,Ambas
Villanueva del Arzobispo,Jaén,Ayuntamiento de Villanueva del Arzobispo,,2026-09-02,20:00,,"38,1685887","-3,0078293",Ayuntamiento / FEMP,Difundida,,Solo en porceuta.es,porceuta.es
Villardompardo,Jaén,Plaza de la Constitución,,2026-09-02,20:00,,"37,8381084","-4,0017495",,Sin confirmar,,Solo en porceuta.es,porceuta.es
Alfaro,La Rioja,Palacio Abacial,Palacio Abacial,2026-09-02,20:00,,"42,178574","-1,749245",,Sin confirmar,El punto del mapa es aproximado: señala el centro del municipio.,Publicada,Ambas
Calahorra,La Rioja,Plaza del Ayuntamiento,"Plaza del Ayuntamiento, 18512",2026-09-02,20:00,,"42,303521","-1,964876",Anónimo,Sin confirmar,El punto del mapa es aproximado: señala el centro del municipio.,Publicada,Ambas
Haro,La Rioja,"Plaza de la Paz, frente al Ayuntamiento","Plaza de la Paz, frente al Ayuntamiento",2026-09-02,20:00,,"42,577006","-2,84691",Ayuntamiento de Haro,Difundida,,Publicada,Ambas
Logroño,La Rioja,Plaza del Ayuntamiento,"Plaza del Ayuntamiento, Logroño",2026-09-02,20:00,,"42,4662779","-2,4397496",Ayuntamiento de Logroño,Difundida,Recogido de prensa (El Diario de Madrid),Publicada,Ambas
Nájera,La Rioja,Puertas del Ayuntamiento,Puertas del Ayuntamiento,2026-09-02,20:00,,"42,415916","-2,734425",,Sin confirmar,,Publicada,Ambas
Arrecife,Las Palmas,Ayuntamiento,"Ayuntamiento, 35500",2026-09-02,19:00,NO son las 20:00,"28,95926","-13,546797",Ayuntamiento de Arrecife / FEMP,Difundida,"19:00 hora canaria · CORRECCIÓN. Convocatoria municipal: 19:00 hora canaria, frente al Ayuntamiento. Sustituye la ficha anterior de las 20:00/convocatoria ciudadana.",Publicada,Ambas
Ingenio,Las Palmas,Plaza la Candelaria,,2026-09-02,20:00,,"27,9296471","-15,4235148",,Sin confirmar,,Solo en porceuta.es,porceuta.es
Las Palmas de Gran Canaria,Las Palmas,Plaza de Santa Ana,"Plaza de Santa Ana, Las Palmas de Gran Canaria, 35001",2026-09-02,19:00,NO son las 20:00,"28,1005011","-15,4155749",,Sin confirmar,Recogido de prensa (El Diario de Madrid) 19:00 hora canaria.,Publicada,Ambas
Puerto del Rosario,Las Palmas,Calle Primero de Mayo,"Calle Primero de Mayo, Puerto del Rosario",2026-09-02,19:00,NO son las 20:00,"28,5012761","-13,8594991",Ayuntamiento de Puerto del Rosario / alcalde David de Vera,Difundida,Recogido de prensa (El Distrito),Publicada,Ambas
Telde,Las Palmas,Plaza de San Juan,Plaza de San Juan,2026-09-02,19:00,NO son las 20:00,"27,9943","-15,4169",Ayuntamiento de Telde / FEMP,Difundida,,Publicada,Ambas
Astorga,León,Plaza de España,"Plaza de España, Astorga",2026-09-02,20:00,,"42,454585","-6,0530918",Ayuntamiento de Astorga,Difundida,Recogido de prensa (El Distrito),Retirada · no aparece en el listado oficial del 29 de agosto,Ambas
Carracedelo,León,Plaza del Ayuntamiento,"Plaza del Ayuntamiento, 24549",2026-09-02,20:00,,"42,5563","-6,7338",Ayuntamiento de Carracedelo,Difundida,,Publicada,Ambas
La Virgen del Camino,León,Puerta de la Biblioteca de La Virgen del Camino,Puerta de la Biblioteca de La Virgen del Camino,2026-09-02,20:00,,"42,581665","-5,643742",Ayto. Valverde de la Virgen,Difundida,VALVERDE DE LA VIRGEN CON CEUTA,Publicada,Ambas
León,León,Plaza de San Marcelo,"Plaza de San Marcelo, 24001",2026-09-02,20:00,,"42,597974","-5,571082",,Sin confirmar,,Publicada,Ambas
Ponferrada,León,Plaza del Ayuntamiento,"Plaza del Ayuntamiento, 24401",2026-09-02,20:00,,"42,545442","-6,590562",Ayuntamiento de Ponferrada,Difundida,El punto del mapa es aproximado.,Publicada,Ambas
Lleida,Lleida,Plaça de la Paeria,Plaça de la Paeria,2026-09-02,20:00,,"41,6148","0,6266",Convocatoria local / participación anunciada de VOX,Confirmada,,Publicada,Ambas
Lugo,Lugo,Praza Maior,,2026-09-02,20:00,,"43,0121","-7,5559",PP Lugo,Sin confirmar,,Solo en porceuta.es,porceuta.es
Ajalvir,Madrid,Puerta del Ayuntamiento,Puerta del Ayuntamiento,2026-09-02,20:00,,"40,534288","-3,4809",,Sin confirmar,,Publicada,Ambas
Alcalá de Henares,Madrid,Plaza de Cervantes,Plaza de Cervantes,2026-09-02,20:00,,"40,482647","-3,364005",,Sin confirmar,,Publicada,Ambas
Alcobendas,Madrid,"Plaza Mayor, frente al Ayuntamiento","Plaza Mayor, frente al Ayuntamiento, 28100",2026-09-02,20:00,,"40,547304","-3,641369",Ayuntamiento de Alcobendas,Difundida,,Retirada · no aparece en el listado oficial del 29 de agosto,Ambas
Alcorcón,Madrid,Plaza del Ayuntamiento,,2026-09-02,20:00,,"40,349538","-3,828813",PP Alcorcón,Confirmada,,Solo en porceuta.es,porceuta.es
Aldea del Fresno,Madrid,Frente al Ayuntamiento,"Frente al Ayuntamiento, 28260",2026-09-02,20:00,,"40,324809","-4,203283",Ayuntamiento de Aldea del Fresno,Difundida,,Publicada,Ambas
Algete,Madrid,"Plaza de la Constitución, frente al Ayuntamiento","Plaza de la Constitución, frente al Ayuntamiento",2026-09-02,20:00,,"40,59709","-3,49762",Ayuntamiento de Algete / FEMP-FMM,Difundida,Convocatoria confirmada y detectada en los barridos del 26-27/08/2026; ausente del CSV base de 204 registros.,Publicada,Ambas
Alpedrete,Madrid,"Puerta del Ayuntamiento, Plaza de la Villa","Puerta del Ayuntamiento, Plaza de la Villa",2026-09-02,20:00,,"40,65839","-4,02429",Ayuntamiento de Alpedrete / FEMP,Difundida,Convocatoria confirmada y detectada en los barridos del 26-27/08/2026; ausente del CSV base de 204 registros.,Publicada,Ambas
Aranjuez,Madrid,Plaza de la Constitución,Plaza de la Constitución,2026-09-02,20:00,,"40,032229","-3,60401",Ayuntamiento de Aranjuez/FEMP,Difundida,,Publicada,Ambas
Arganda del Rey,Madrid,Plaza de la Constitución,"Plaza de la Constitución, 28500",2026-09-02,20:00,,"40,300791","-3,438163",Ayuntamiento de Arganda del Rey,Difundida,,Publicada,Ambas
Arroyomolinos,Madrid,Plaza Mayor del Ayuntamiento,Plaza Mayor del Ayuntamiento,2026-09-02,20:00,,"40,2696","-3,9209",Ayuntamiento de Arroyomolinos / FEMP,Difundida,,Retirada · no aparece en el listado oficial del 29 de agosto,Ambas
Becerril de la Sierra,Madrid,"Puertas del Ayuntamiento, Plaza de la Constitución","Puertas del Ayuntamiento, Plaza de la Constitución, 28490",2026-09-02,20:00,,"40,71643","-3,98833",Ayuntamiento de Becerril de la Sierra / FEMP,Difundida,Convocatoria confirmada y detectada en los barridos del 26-27/08/2026; ausente del CSV base de 204 registros.,Publicada,Ambas
Boadilla del Monte,Madrid,"Ayuntamiento de Boadilla, Sede Administrativa","Ayuntamiento de Boadilla, Sede Administrativa",2026-09-02,20:00,,"40,407566","-3,879428",Ayuntamiento de Boadilla,Difundida,,Retirada · no aparece en el listado oficial del 29 de agosto,Ambas
Brunete,Madrid,Plaza Mayor,"Plaza Mayor, Brunete",2026-09-02,20:00,,"40,4053238","-3,9980686",Ayuntamiento de Brunete,Difundida,Recogido de prensa (El Distrito) · Convocatoria difundida por el ayuntamiento de Brunete: BRUNETE CON CEUTA. Ceuta no está sola. En Brunete no miramos hacia otro lado. Nos sumamos con el corazón a las iniciativas de @fempcomunica y @FedMMadrid en apoyo a Ceuta y a su gente. #2deSeptiembre a las 20:00h en la Plaza Mayor de Brunete. Link: https://x.com/aytobrunete/status/2092489238109458907?s=46&t=5aYt2JQ9RSUFke6l5dOfQA,Retirada · no aparece en el listado oficial del 29 de agosto,Ambas
Buitrago del Lozoya,Madrid,Plaza de Picasso,,2026-09-02,20:00,,"40,9953477","-3,6350501",Ayuntamiento de Buitrago del Lozoya,Difundida,,Solo en porceuta.es,porceuta.es
Cadalso de los Vidrios,Madrid,Ayuntamiento,,2026-09-02,20:00,,"40,3017055","-4,4412816",Ayuntamiento,Difundida,,Solo en porceuta.es,porceuta.es
Campo Real,Madrid,Plaza Mayor,"Plaza Mayor, 28510",2026-09-02,20:00,,"40,338106","-3,381379",,Sin confirmar,,Publicada,Ambas
Carabaña,Madrid,Puerta del Ayuntamiento,Puerta del Ayuntamiento,2026-09-02,20:00,,"40,257151","-3,237925",,Sin confirmar,,Publicada,Ambas
Cenicientos,Madrid,Plaza de la Constitución,Plaza de la Constitución,2026-09-02,20:00,,"40,263189","-4,46698",Ayuntamiento de Cenicientos,Difundida,El punto del mapa es aproximado: señala el centro del municipio.,Publicada,Ambas
Chinchón,Madrid,Plaza Mayor,"Plaza Mayor, 28370",2026-09-02,20:00,,"40,140829","-3,423147",Ayuntamiento de chinchon/FEMP,Difundida,,Retirada · no aparece en el listado oficial del 29 de agosto,Ambas
Ciempozuelos,Madrid,Plaza de la Constitución,,2026-09-02,20:00,,"40,1580087","-3,6205514",PP de Ciempozuelos,Sin confirmar,,Solo en porceuta.es,porceuta.es
Cobeña,Madrid,Plaza de la Villa,"Plaza de la Villa, 28863",2026-09-02,20:00,,"40,567583","-3,504823",,Sin confirmar,,Publicada,Ambas
Collado Villalba,Madrid,Plaza del Ayuntamiento,"Plaza del Ayuntamiento, 28400",2026-09-02,20:00,,"40,648347","-3,981977",,,El punto del mapa es aproximado: señala el centro del municipio.,Publicada,Listado oficial
Collado Villalba,Madrid,"Puertas del Ayuntamiento, Plaza de la Constitución",,2026-09-02,20:00,,"40,6332","-4,0057",Ayuntamiento de Collado Villalba / FEMP-FMM,Difundida,,Solo en porceuta.es,porceuta.es
Colmenar de Oreja,Madrid,Plaza Mayor,"Plaza Mayor, 28380",2026-09-02,20:00,,"40,107369","-3,387175",,Sin confirmar,,Publicada,Ambas
Colmenar del Arroyo,Madrid,Plaza de España,,2026-09-02,20:00,,"40,4179997","-4,1972768",Ayuntamiento de Colmenar del Arroyo,Difundida,,Solo en porceuta.es,porceuta.es
Colmenar Viejo,Madrid,Plaza del Ayuntamiento,"Plaza del Ayuntamiento, 28770",2026-09-02,20:00,,"40,65908","-3,76614",Ayuntamiento de Colmenar Viejo / FEMP,Difundida,Convocatoria confirmada y detectada en los barridos del 26-27/08/2026; ausente del CSV base de 204 registros.,Retirada · no aparece en el listado oficial del 29 de agosto,Ambas
Colmenarejo,Madrid,"Plaza de la Constitución, puerta del Ayuntamiento","Plaza de la Constitución, puerta del Ayuntamiento, 28270",2026-09-02,20:00,,"40,5606","-4,017",Ayuntamiento de Colmenarejo,Difundida,El punto del mapa es aproximado.,Retirada · no aparece en el listado oficial del 29 de agosto,Ambas
El Álamo,Madrid,Puerta del Ayuntamiento,Puerta del Ayuntamiento,2026-09-02,20:00,,"40,230271","-3,990656",,Sin confirmar,,Publicada,Ambas
El Escorial,Madrid,"Ayuntamiento de El Escorial, Plaza de España","Ayuntamiento de El Escorial, Plaza de España",2026-09-02,20:00,,"40,58212","-4,12876",Ayuntamiento de El Escorial / FEMP,Difundida,Convocatoria confirmada y detectada en los barridos del 26-27/08/2026; ausente del CSV base de 204 registros.,Retirada · no aparece en el listado oficial del 29 de agosto,Ambas
Fuenlabrada,Madrid,Plaza de la Constitución,Plaza de la Constitución,2026-09-02,20:00,,"40,283374","-3,800125",Encarnación Peñas Medina,Confirmada,,Retirada · no aparece en el listado oficial del 29 de agosto,Ambas
Galapagar,Madrid,"Puertas del Ayuntamiento, Plaza del Presidente Adolfo Suárez","Puertas del Ayuntamiento, Plaza del Presidente Adolfo Suárez",2026-09-02,20:00,,"40,57891","-4,00347",Ayuntamiento de Galapagar / FEMP,Difundida,Convocatoria confirmada y detectada en los barridos del 26-27/08/2026; ausente del CSV base de 204 registros.,Publicada,Ambas
Getafe,Madrid,Plaza del Ayuntamiento,,2026-09-03,20:00,OTRA FECHA,"40,3070639","-3,7331808",,Sin confirmar,,Solo en porceuta.es,porceuta.es
Griñón,Madrid,Plaza Mayor,"Plaza Mayor, 28971",2026-09-02,20:00,,"40,213661","-3,858148",Ayuntamiento de Griñón/FEMP,Difundida,,Retirada · no aparece en el listado oficial del 29 de agosto,Ambas
Guadarrama,Madrid,"Plaza Mayor, frente al Ayuntamiento","Plaza Mayor, frente al Ayuntamiento",2026-09-02,20:00,,"40,6726","-4,089",Ayuntamiento de Guadarrama / FEMP-FMM,Difundida,,Retirada · no aparece en el listado oficial del 29 de agosto,Ambas
Hoyo de Manzanares,Madrid,"Plaza Mayor, frente al Ayuntamiento","Plaza Mayor, frente al Ayuntamiento, 28240",2026-09-02,20:00,,"40,622639","-3,907194",Ayuntamiento de Hoyo de Manzanares,Difundida,,Retirada · no aparece en el listado oficial del 29 de agosto,Ambas
Humanes de Madrid,Madrid,Plaza de la Constitución,Plaza de la Constitución,2026-09-02,20:00,,"40,25013","-3,82752",Ayuntamiento de Humanes de Madrid / FEMP-FMM,Difundida,Convocatoria confirmada y detectada en los barridos del 26-27/08/2026; ausente del CSV base de 204 registros.,Publicada,Ambas
Las Rozas,Madrid,Plaza Mayor,,2026-09-02,20:00,,"40,49208","-3,87376",Ayuntamiento de Las Rozas / FEMP-FMM,Difundida,Convocatoria confirmada y detectada en los barridos del 26-27/08/2026; ausente del CSV base de 204 registros.,Solo en porceuta.es,porceuta.es
Las Rozas de Madrid,Madrid,Plaza Mayor,Plaza Mayor,2026-09-02,20:00,,"40,49208","-3,87376",,,,Retirada · no aparece en el listado oficial del 29 de agosto,Listado oficial
Leganés,Madrid,"Ante el Ayuntamiento, Plaza Mayor","Ante el Ayuntamiento, Plaza Mayor, 28912",2026-09-02,20:00,,"40,3272","-3,7635",Ayuntamiento de Leganés / FEMP,Difundida,Convocatoria confirmada y detectada en los barridos del 26-27/08/2026; ausente del CSV base de 204 registros.,Publicada,Ambas
Loeches,Madrid,Ayuntamiento,Ayuntamiento,2026-09-02,20:00,,"40,383499","-3,409299",Ayuntamiento de Loeches,Difundida,Apoyo a Ceuta https://www.facebook.com/share/p/1DE3XVnZm7/,Retirada · no aparece en el listado oficial del 29 de agosto,Ambas
Los Molinos,Madrid,Ayuntamiento,Ayuntamiento,2026-09-02,20:00,,"40,714823","-4,073631",,Sin confirmar,,Publicada,Ambas
Madrid,Madrid,Congreso de los Diputados,"Plaza de las Cortes, Madrid",2026-09-02,20:00,,"40,41644","-3,69703",Ceutíes en Madrid,Confirmada,Concentración Oficial convocada frente al Congreso de los Diputados. Es la convocatoria creada por Ceuties en Madrid.,Publicada,Ambas
Madrid,Madrid,Plaza de Cibeles,"Plaza de Cibeles, Madrid",2026-09-02,20:00,,"40,41942","-3,69254",Ayuntamiento de Madrid,Difundida,Convocatoria lanzada por el Ayuntamiento de Madrid,Publicada,Ambas
Majadahonda,Madrid,"Frente al Ayuntamiento, Plaza Mayor","Frente al Ayuntamiento, Plaza Mayor",2026-09-02,20:00,,"40,47353","-3,87239",Ayuntamiento de Majadahonda / FEMP,Difundida,Convocatoria confirmada y detectada en los barridos del 26-27/08/2026; ausente del CSV base de 204 registros.,Retirada · no aparece en el listado oficial del 29 de agosto,Ambas
Miraflores de la Sierra,Madrid,Plaza del Ayuntamiento,,2026-09-02,20:00,,"40,8137532","-3,7667236",PP Miraflores de la Sierra,Sin confirmar,,Solo en porceuta.es,porceuta.es
Moraleja de Enmedio,Madrid,Plaza de España,"Plaza de España, 28950",2026-09-02,20:00,,"40,260421","-3,861755",,Sin confirmar,,Publicada,Ambas
Moralzarzal,Madrid,Plaza de la Constitución,"Plaza de la Constitución, 28411",2026-09-02,20:00,,"40,679152","-3,972176",Ayuntamiento de Moralzarzal,Difundida,,Publicada,Ambas
Móstoles,Madrid,Plaza de España,"Plaza de España, 28934",2026-09-02,20:00,,"40,322635","-3,865144",Ciudadania,Sin confirmar,Ceuta no se vende y por la injusticia q han hecho con los sanitarios d Ceuta. Por Ceuta y apoyo a sus sanitarios.,Publicada,Ambas
Navacerrada,Madrid,"Ayuntamiento de Navacerrada, Plaza de los Ángeles 1","Ayuntamiento de Navacerrada, Plaza de los Ángeles 1, 28491",2026-09-02,12:00,NO son las 20:00,"40,729","-4,014",Ayuntamiento de Navacerrada / FEMP-FMM,Difundida,,Retirada · no aparece en el listado oficial del 29 de agosto,Ambas
Navalagamella,Madrid,Plaza de España,"Plaza de España, 28212",2026-09-02,20:00,,"40,46907","-4,122687",Ayuntamiento de Navalagamella,Difundida,,Publicada,Ambas
Navas del Rey,Madrid,Ayuntamiento,"Ayuntamiento, 28695",2026-09-02,20:00,,"40,384093","-4,251592",Ayuntamiento de Navas del Rey,Difundida,,Publicada,Ambas
Paracuellos de Jarama,Madrid,Plaza de la Constitución,"Plaza de la Constitución, 28860",2026-09-02,20:00,,"40,50339","-3,52777",Ayuntamiento de Paracuellos de Jarama / FEMP,Difundida,Convocatoria confirmada y detectada en los barridos del 26-27/08/2026; ausente del CSV base de 204 registros.,Retirada · no aparece en el listado oficial del 29 de agosto,Ambas
Parla,Madrid,Ayuntamiento,"Ayuntamiento, 28980",2026-09-02,20:00,,"40,237395","-3,77189",,Confirmada,,Publicada,Ambas
Pelayos de la Presa,Madrid,Ayuntamiento,Ayuntamiento,2026-09-02,20:00,,"40,359124","-4,334366",Ayuntamiento de Pelayos de la Presa,Difundida,,Publicada,Ambas
Pinto,Madrid,Plaza de la Constitución,"Plaza de la Constitución, 28320",2026-09-02,20:00,,"40,240956","-3,700526",Ayuntamiento de Pinto,Difundida,,Retirada · no aparece en el listado oficial del 29 de agosto,Ambas
Pozuelo de Alarcón,Madrid,Plaza del Ayuntamiento,Plaza del Ayuntamiento,2026-09-02,20:00,,"40,434374","-3,814413",Ayuntamiento de Pozuelo de Alarcón,Difundida,,Publicada,Ambas
Rozas de Puerto Real,Madrid,Puerta del Ayuntamiento,"Puerta del Ayuntamiento, 28649",2026-09-02,20:00,,"40,310241","-4,490768",Ayuntamiento de Rozas de Puerto Real,Difundida,,Publicada,Ambas
San Fernando de Henares,Madrid,Plaza de España,,2026-09-02,20:00,,"40,4248548","-3,5350369",PP San Fernando de Henares,Sin confirmar,Apoyo a Ceuta https://www.facebook.com/share/p/1EZ3tytHuK/,Solo en porceuta.es,porceuta.es
San Lorenzo de El Escorial,Madrid,Plaza de la Constitución,Plaza de la Constitución,2026-09-02,20:00,,"40,591","-4,148",Ayuntamiento de San Lorenzo de El Escorial / FEMP-FMM,Difundida,,Publicada,Ambas
San Martín de Valdeiglesias,Madrid,Plaza Real,Plaza Real,2026-09-02,20:00,,"40,361705","-4,397089",Ayuntamiento de San Martín de Valdeiglesias,Difundida,,Publicada,Ambas
San Sebastián de los Reyes,Madrid,Plaza de la Constitución,Plaza de la Constitución,2026-09-02,20:00,,"40,54737","-3,626059",Ayuntamiento San Sebastián de los Reyes,Difundida,,Publicada,Ambas
Sevilla la Nueva,Madrid,"Plaza de Sevilla, frente al Palacio de Baena","Plaza de Sevilla, frente al Palacio de Baena",2026-09-02,20:00,,"40,34666","-4,027345",,Sin confirmar,,Publicada,Ambas
Soto del Real,Madrid,Ayuntamiento,,2026-09-02,20:00,,"40,7533621","-3,7868456",PP Soto del Real,Sin confirmar,,Solo en porceuta.es,porceuta.es
Tielmes,Madrid,Plaza de la Constitución,Plaza de la Constitución,2026-09-02,20:00,,"40,246658","-3,31377",Ayuntamiento de Tielmes/FEMP,Difundida,,Publicada,Ambas
Torrejón de Ardoz,Madrid,Plaza Mayor,"Plaza Mayor, 28850",2026-09-02,20:00,,"40,458644","-3,479204",,Sin confirmar,,Publicada,Ambas
Torrejón de la Calzada,Madrid,Plaza de España,Plaza de España,2026-09-02,20:00,,"40,20068","-3,79933",Ayuntamiento de Torrejón de la Calzada/FEMP,Difundida,,Retirada · no aparece en el listado oficial del 29 de agosto,Ambas
Torrelaguna,Madrid,Ayuntamiento,"Ayuntamiento, 28180",2026-09-02,20:00,,"40,827919","-3,538522",,Sin confirmar,,Publicada,Ambas
Torrelodones,Madrid,Plaza de la Constitución,"Plaza de la Constitución, Torrelodones, 28250",2026-09-02,20:00,,"40,5758422","-3,9291313",Partido Popular,Difundida,Recogido de prensa (El Distrito) · Torrelodones con Ceuta · Frente al ayuntamiento,Retirada · no aparece en el listado oficial del 29 de agosto,Ambas
Torres de la Alameda,Madrid,Puerta del Ayuntamiento,Puerta del Ayuntamiento,2026-09-02,20:00,,"40,402152","-3,360625",Ayuntamiento de Torres de la Alameda,Difundida,,Publicada,Ambas
Tres Cantos,Madrid,Plaza del ayuntamiento,,2026-09-02,19:00,NO son las 20:00,"40,599073","-3,71221",Ayuntamiento de Tres Cantos / FEMP,Sin confirmar,,Solo en porceuta.es,porceuta.es
Valdemanco,Madrid,Plaza Nuestra Señora del Carmen,"Plaza Nuestra Señora del Carmen, 28729",2026-09-02,20:00,,"40,872347","-3,663008",,Sin confirmar,,Publicada,Ambas
Valdemorillo,Madrid,"Plaza de la Constitución, frente al Ayuntamiento","Plaza de la Constitución, frente al Ayuntamiento, 28210",2026-09-02,20:00,,"40,501","-4,068",Ayuntamiento de Valdemorillo / FEMP,Difundida,,Publicada,Ambas
Valdemoro,Madrid,Plaza de la Constitución,"Plaza de la Constitución, 28341",2026-09-02,20:00,,"40,190411","-3,677435",Ayuntamiento de Valdemoro / FEMP,Difundida,,Publicada,Ambas
Valdilecha,Madrid,Plaza del Ayuntamiento,Plaza del Ayuntamiento,2026-09-02,20:00,,"40,295546","-3,30304",,Sin confirmar,,Publicada,Ambas
Villa del Prado,Madrid,Plaza Mayor,,2026-09-02,20:00,,"40,276496","-4,305911",Ayuntamiento de Villa del Prado,Difundida,,Solo en porceuta.es,porceuta.es
Villalbilla,Madrid,Ayuntamiento,"Ayuntamiento, 28810",2026-09-02,20:00,,"40,432513","-3,298686",,Sin confirmar,,Publicada,Ambas
Villamanta,Madrid,Plaza Rey Juan Carlos I,Plaza Rey Juan Carlos I,2026-09-02,20:00,,"40,299339","-4,110131",,Confirmada,,Publicada,Ambas
Villanueva de la Cañada,Madrid,Plaza de España,Plaza de España,2026-09-02,20:00,,"40,446618","-4,00502",,Sin confirmar,,Publicada,Ambas
Villanueva del Pardillo,Madrid,Plaza Mayor,"Plaza Mayor, 28229",2026-09-02,20:00,,"40,490498","-3,964258",,Sin confirmar,,Publicada,Ambas
Villaviciosa de Odón,Madrid,"Plaza de la Constitución, frente al Ayuntamiento","Plaza de la Constitución, frente al Ayuntamiento, 28670",2026-09-02,20:00,,"40,35872","-3,90239",Ayuntamiento de Villaviciosa de Odón / FEMP-FMM,Difundida,,Publicada,Ambas
Zarzalejo,Madrid,Plaza Llano del Soldado,,2026-09-02,20:00,,"40,5483016","-4,1815899",,Sin confirmar,,Solo en porceuta.es,porceuta.es
Alhaurín de la Torre,Málaga,Plaza del Ayuntamiento,"Plaza del Ayuntamiento, Alhaurín de la Torre, 29130",2026-09-02,20:00,,"36,6616896","-4,5655804",Ayuntamiento de Alhaurín de la Torre / FEMP,Difundida,,Publicada,Ambas
Alhaurín el Grande,Málaga,Plaza del Ayuntamiento,"Plaza del Ayuntamiento, Alhaurín el Grande, 29120",2026-09-02,20:00,,"36,6419103","-4,6917297",,Sin confirmar,,Publicada,Ambas
Antequera,Málaga,Plaza de la Constitución (Puerta de Estepa),"Plaza de la Constitución (Puerta de Estepa), Antequera, 29200",2026-09-02,20:00,,"37,0218381","-4,5656866",Ayuntamiento de Antequera,Difundida,,Publicada,Ambas
Árchez,Málaga,Paseo del Río Turvilla,"Paseo del Río Turvilla, Árchez",2026-09-02,20:00,,"36,8390459","-3,9907148",,Sin confirmar,El punto del mapa es aproximado: señala el centro del municipio,Publicada,Ambas
Archidona,Málaga,Plaza Ochavada,Plaza Ochavada,2026-09-02,20:00,,"37,094525","-4,390608",Ayuntamiento,Difundida,,Retirada · no aparece en el listado oficial del 29 de agosto,Ambas
Benahavís,Málaga,Ayuntamiento de Benahavís,"Ayuntamiento de Benahavís, Benahavís, 29679",2026-09-02,20:00,,"36,5184736","-5,0453293",Ayuntamiento de Benahavis,Difundida,,Publicada,Ambas
Benalauría,Málaga,Puerta del Ayuntamiento,Puerta del Ayuntamiento,2026-09-02,20:00,,"36,594191","-5,261143",,Sin confirmar,,Publicada,Ambas
Benalmádena,Málaga,Plaza del Ayuntamiento,"Plaza del Ayuntamiento, Benalmádena, 29639",2026-09-02,20:00,,"36,5950065","-4,5733774",Ayuntamiento de Benalmádena,Difundida,,Publicada,Ambas
Benaoján,Málaga,Plaza de San Marcos,"Plaza de San Marcos, Benaoján, 29370",2026-09-02,20:00,,"36,718796","-5,2531734",,Sin confirmar,,Publicada,Ambas
Canillas de Aceituno,Málaga,Plaza de la Constitución,"Plaza de la Constitución, Canillas de Aceituno",2026-09-02,20:00,,"36,8731778","-4,0820778",,Sin confirmar,,Publicada,Ambas
Canillas de Albaida,Málaga,Plaza Nuestra Señora del Rosario,"Plaza Nuestra Señora del Rosario, Canillas de Albaida",2026-09-02,20:00,,"36,8461633","-3,9877126",,Sin confirmar,,Publicada,Ambas
Coín,Málaga,Plaza Alameda,Plaza Alameda,2026-09-02,20:00,,"36,660051","-4,756562",JA Gargui (particular),Confirmada,,Retirada · no aparece en el listado oficial del 29 de agosto,Ambas
Cortes de la Frontera,Málaga,Plaza Carlos III,"Plaza Carlos III, Cortes de la Frontera, 29380",2026-09-02,20:00,,"36,6171132","-5,3426671",Ayuntamiento de Cortes de la Frontera,Difundida,,Publicada,Ambas
El Burgo,Málaga,Ayuntamiento del municipio,,2026-08-02,20:00,OTRA FECHA,"36,7904469","-4,9480972",José Antonio Cebrián-Benavides,Confirmada,,Solo en porceuta.es,porceuta.es
Estepona,Málaga,Puerta del Ayuntamiento,"Puerta del Ayuntamiento, Estepona, 29680",2026-09-02,20:00,,"36,4247785","-5,1498665",,Confirmada,Ceuta no está sola. Toda España está con ella.,Publicada,Ambas
Fuengirola,Málaga,Plaza de España,"Plaza de España, Fuengirola",2026-09-02,20:00,,"36,5368729","-4,6264499",Ayuntamiento de Fuengirola,Difundida,,Publicada,Ambas
Gaucín,Málaga,Plaza del Santo Niño,"Plaza del Santo Niño, Gaucín",2026-09-02,20:00,,"36,5187311","-5,3176839",,Sin confirmar,,Publicada,Ambas
Jimera de Líbar,Málaga,Plaza Virgen de la Salud,"Plaza Virgen de la Salud, Jimera de Líbar, 29392",2026-09-02,20:00,,"36,6511711","-5,2740986",,Sin confirmar,,Publicada,Ambas
Málaga,Málaga,Ayuntamiento de Málaga,"Ayuntamiento de Málaga, Málaga, 29015",2026-09-02,20:00,,"36,7203687","-4,4150247",Ayuntamiento de Málaga / FEMP / FAMP,Difundida,,Publicada,Ambas
Manilva,Málaga,Plaza del Donante de Sabinillas,,2026-09-02,20:00,,"36,37408","-5,22766",Ayuntamiento de Manilva / FEMP,Difundida,Convocatoria confirmada y detectada en los barridos del 26-27/08/2026; ausente del CSV base de 204 registros.,Solo en porceuta.es,porceuta.es
Manilva,Málaga,"Plaza del Donante, Sabinillas, hasta calle Virgen de África","Plaza del Donante, Sabinillas, hasta calle Virgen de África, Manilva, 29691",2026-09-02,20:00,,"36,367303","-5,227807",,,,Publicada,Listado oficial
Marbella,Málaga,Parque de la Alameda,"Parque de la Alameda, Marbella, 29602",2026-09-02,20:00,,"36,5087178","-4,8857015",Ayuntamiento de Marbella,Difundida,Donde el templete,Publicada,Ambas
Mijas,Málaga,La Cala (Tenencia de Alcaldía),"La Cala (Tenencia de Alcaldía), Mijas",2026-09-02,20:00,,"36,5043738","-4,6807143",Ayuntamiento de Mijas,Difundida,En La Cala de Mijas,Publicada,Ambas
Mijas,Málaga,Las Lagunas (Tenencia de Alcaldía),"Las Lagunas (Tenencia de Alcaldía), Mijas",2026-09-02,20:00,,"36,5445591","-4,6396852",Ayuntamiento de Mijas,Difundida,En Las Lagunas,Publicada,Ambas
Mijas,Málaga,Mijas Pueblo (Ayuntamiento de Mijas),"Mijas Pueblo (Ayuntamiento de Mijas), Mijas, 29650",2026-09-02,20:00,,"36,5965552","-4,6367511",Ayuntamiento de Mijas,Difundida,,Publicada,Ambas
Nerja,Málaga,Bajos del Ayuntamiento de Nerja (Plaza de España),Bajos del Ayuntamiento de Nerja (Plaza de España),2026-09-02,20:00,,"36,745454","-3,876796",Ayuntamiento de Nerja,Difundida,,Retirada · no aparece en el listado oficial del 29 de agosto,Ambas
Nueva Andalucía,Málaga,Centro Polivalente,"Centro Polivalente, Nueva Andalucía",2026-09-02,20:00,,"36,50598","-4,966",,,Recogido de prensa (El Faro de Ceuta),Retirada · no aparece en el listado oficial del 29 de agosto,Listado oficial
Rincón de la Victoria,Málaga,Plaza Al-Andalus,"Plaza Al-Andalus, Rincón de la Victoria",2026-09-02,20:00,,"36,715627","-4,2854662",Ayuntamiento de Rincon de la Victoria,Difundida,,Publicada,Ambas
Ronda,Málaga,Plaza Duquesa de Parcent,"Plaza Duquesa de Parcent, Ronda",2026-09-02,20:00,,"36,7369254","-5,1653638",Ayuntamiento de Ronda,Difundida,,Publicada,Ambas
San Pedro de Alcántara,Málaga,Plaza de la Iglesia,"Plaza de la Iglesia, San Pedro de Alcántara",2026-09-02,20:00,,"36,4869728","-4,989644",,Sin confirmar,Recogido de prensa (El Faro de Ceuta),Publicada,Ambas
Sierra de Yeguas,Málaga,Puerta del Ayuntamiento,"Puerta del Ayuntamiento, Sierra de Yeguas, 29328",2026-09-02,20:00,,"37,124639","-4,8687135",,Sin confirmar,,Publicada,Ambas
Torremolinos,Málaga,Plaza Blas Infante,"Plaza Blas Infante, Torremolinos, 29620",2026-09-02,20:00,,"36,6213562","-4,5077405",,Difundida,Convocada por el Ayuntamiento de Torremolinos,Publicada,Ambas
Torrox,Málaga,"Frente al Ayuntamiento de Torrox, Plaza de la Constitución",,2026-09-02,20:00,,"36,7574","-3,9528",Ayuntamiento de Torrox / FEMP,Difundida,,Solo en porceuta.es,porceuta.es
Vélez-Málaga,Málaga,Plaza de los Carmelitas,"Plaza de los Carmelitas, Vélez-Málaga, 29700",2026-09-02,20:00,,"36,781456","-4,1042865",Ayuntamiento de Vélez-Málaga,Difundida,,Publicada,Ambas
Villanueva de la Concepción,Málaga,,,2026-09-02,20:00,,"36,932731","-4,528535",Populares de Villanueva de la Concepción,Confirmada,,Solo en porceuta.es,porceuta.es
Villanueva del Rosario,Málaga,Puerta del Ayuntamiento,,2026-09-02,20:00,,"36,998599","-4,3660482",Ayuntamiento de Villanueva del Rosario,Difundida,https://www.facebook.com/share/p/1825ZZaDKw/,Solo en porceuta.es,porceuta.es
Villanueva del Trabuco,Málaga,Plaza del Prado,Plaza del Prado,2026-09-02,20:00,,"37,028076","-4,338268",,Sin confirmar,,Publicada,Ambas
Melilla,Melilla,Monolito de la Constitución,"Monolito de la Constitución, Melilla, 52001",2026-09-02,20:00,,"35,2921882","-2,9379196",Paco Belmonte,Confirmada,"Contra la invasión marroquí y contra este gobierno corrupto. Ceuta y Melilla son ESPAÑA. Hay que ir desde la plaza de España hasta el dique, y derribar esa parte de valla que rodea la punta, sólo esa zona, porque esas aguas son nuestras.",Publicada,Ambas
Abanilla,Murcia,Plaza de la Constitución,Plaza de la Constitución,2026-09-02,20:00,,"38,20744","-1,041628",,Sin confirmar,,Publicada,Ambas
Abarán,Murcia,"Plaza Vieja, puertas del Ayuntamiento",,2026-09-02,20:00,,"38,20279","-1,40031",PP de Abarán + adhesión VOX Abarán,Confirmada,,Solo en porceuta.es,porceuta.es
Águilas,Murcia,Puerta del Ayuntamiento,Puerta del Ayuntamiento,2026-09-02,20:00,,"37,404212","-1,582143",Partido Popular de Águilas,Sin confirmar,,Publicada,Ambas
Alcantarilla,Murcia,"Plaza de San Pedro, frente al Ayuntamiento","Plaza de San Pedro, frente al Ayuntamiento, 30820",2026-09-02,20:00,,"37,96834","-1,21522",Ayuntamiento de Alcantarilla / FEMP,Difundida,Convocatoria confirmada y detectada en los barridos del 26-27/08/2026; ausente del CSV base de 204 registros.,Retirada · no aparece en el listado oficial del 29 de agosto,Ambas
Archena,Murcia,Campo de Fútbol Andrés Abenza,Campo de Fútbol Andrés Abenza,2026-09-02,20:00,,"38,117812","-1,302524",España unida,Sin confirmar,El punto del mapa es aproximado: señala el centro del municipio. · España no se vende,Publicada,Ambas
Caravaca de la Cruz,Murcia,Plaza del Arco,Plaza del Arco,2026-09-02,20:00,,"38,107672","-1,86012",Ayuntamiento de Caravaca,Difundida,,Retirada · no aparece en el listado oficial del 29 de agosto,Ambas
Cartagena,Murcia,Plaza del Ayuntamiento,"Plaza del Ayuntamiento, Cartagena, 30201",2026-09-02,20:00,,"37,5990274","-0,9856173",Héroes de Cavite,Confirmada,"Recogido de prensa (El Distrito) · Por Ceuta, manifestación pacífica sin políticos.",Publicada,Ambas
Cieza,Murcia,"Ayuntamiento de Cieza, Plaza Mayor","Ayuntamiento de Cieza, Plaza Mayor",2026-09-02,20:00,,"38,23973","-1,41899",Ayuntamiento de Cieza / FEMP,Difundida,Convocatoria confirmada y detectada en los barridos del 26-27/08/2026; ausente del CSV base de 204 registros.,Publicada,Ambas
Fortuna,Murcia,Puerta del Ayuntamiento,Puerta del Ayuntamiento,2026-09-02,20:00,,"38,179897","-1,123317",,Sin confirmar,,Publicada,Ambas
Jumilla,Murcia,Parking piscina cubierta,"Parking piscina cubierta, Jumilla",2026-09-02,20:00,,"38,4735408","-1,3285417",,Confirmada,El punto del mapa es aproximado: señala el centro del municipio. Recogido de prensa (El Distrito) · Se convoca a todos los jumillanos a la manifestación contra la invasión migratoria de Ceuta como acto de protesta y solidaridad con nuestros compatriotas ceutíes.,Retirada · no aparece en el listado oficial del 29 de agosto,Ambas
La Unión,Murcia,Puerta del Ayuntamiento,Puerta del Ayuntamiento,2026-09-02,20:00,,"37,617027","-0,87824",,Sin confirmar,,Publicada,Ambas
Lorca,Murcia,"Puerta del Ayuntamiento, Plaza de España","Puerta del Ayuntamiento, Plaza de España, 30800",2026-09-02,20:00,,"37,67663","-1,69947",Ayuntamiento de Lorca,Difundida,El punto del mapa es aproximado.,Publicada,Ambas
Los Alcázares,Murcia,Plaza Manuel Floreal Menárguez,Plaza Manuel Floreal Menárguez,2026-09-02,20:00,,"37,739014","-0,851665",,Sin confirmar,,Publicada,Ambas
Mazarrón,Murcia,Puertas del Ayuntamiento,Puertas del Ayuntamiento,2026-09-02,20:00,,"37,5985","-1,3149",Ayuntamiento de Mazarrón,Difundida,,Retirada · no aparece en el listado oficial del 29 de agosto,Ambas
Molina de Segura,Murcia,Plaza de España,Plaza de España,2026-09-02,20:00,,"38,05464","-1,21289",Ayuntamiento de Molina de Segura / FEMP,Difundida,Convocatoria confirmada y detectada en los barridos del 26-27/08/2026; ausente del CSV base de 204 registros.,Publicada,Ambas
Moratalla,Murcia,Plaza del Ayuntamiento,Plaza del Ayuntamiento,2026-09-02,20:00,,"38,188439","-1,890934",,Sin confirmar,El punto del mapa es aproximado: señala el centro del municipio.,Publicada,Ambas
Mula,Murcia,Plaza del Ayuntamiento,"Plaza del Ayuntamiento, 30170",2026-09-02,20:00,,"38,041651","-1,490801",,Sin confirmar,,Publicada,Ambas
Murcia,Murcia,Glorieta de España,,2026-09-02,20:00,,"37,9833294","-1,1303726",Ayuntamiento de Murcia,Difundida,,Solo en porceuta.es,porceuta.es
Murcia,Murcia,Plaza de Santo Domingo,"Plaza de Santo Domingo, Murcia",2026-09-02,20:00,,"37,98735","-1,12919",Sociedad Civil,Confirmada,Recogido de prensa (El Diario de Madrid),Publicada,Ambas
Pliego,Murcia,Puerta del Ayuntamiento,Puerta del Ayuntamiento,2026-09-02,20:00,,"37,990654","-1,505722",,Sin confirmar,,Publicada,Ambas
Puerto Lumbreras,Murcia,Plaza de la Constitución,Plaza de la Constitución,2026-09-02,20:00,,"37,562974","-1,809642",,Sin confirmar,,Publicada,Ambas
Ricote,Murcia,Plaza España,Plaza España,2026-09-02,20:00,,"38,147743","-1,34209",,Sin confirmar,,Publicada,Ambas
San Javier,Murcia,Consorcio La Manga,Consorcio La Manga,2026-09-02,20:00,,"37,805957","-0,834554",,Sin confirmar,"El punto del mapa es aproximado: señala el centro del municipio. · Para y por todas la ciudadanía que quiere y desea alzar su voz para ayudar a Ceuities, Melillenses Islas Canarias y toda la península por nuestra provincia Murcia y nuestras costas de Cartagena y por nuestro País España pacíficamente y sin violencia accesos las manos por este secuestro al que nos tienen sometidos y que haya Elecciones Generales YA 🇪🇦",Publicada,Ambas
Santomera,Murcia,Plaza Borreguero-Artés,Plaza Borreguero-Artés,2026-09-02,20:00,,"38,081673","-1,058868",,Sin confirmar,El punto del mapa es aproximado: señala el centro del municipio.,Publicada,Ambas
Torre-Pacheco,Murcia,Plaza Alcalde Pedro Jiménez,Plaza Alcalde Pedro Jiménez,2026-09-02,20:00,,"37,7427","-0,953",Ayuntamiento de Torre-Pacheco,Difundida,El punto del mapa es aproximado.,Publicada,Ambas
Totana,Murcia,Plaza Constitución,"Plaza Constitución, 30850",2026-09-02,20:00,,"37,769879","-1,50256",,Sin confirmar,,Publicada,Ambas
Yecla,Murcia,Ayuntamiento de Yecla,Ayuntamiento de Yecla,2026-09-02,20:00,,"38,61233","-1,116703",Ayuntamiento,Difundida,,Publicada,Ambas
Cintruénigo,Navarra,Plaza del Ayuntamiento,Plaza del Ayuntamiento,2026-09-02,20:00,,"42,079913","-1,803497",,Sin confirmar,El punto del mapa es aproximado: señala el centro del municipio.,Publicada,Ambas
Funes,Navarra,Ayuntamiento,Ayuntamiento,2026-09-02,20:00,,"42,314055","-1,803038",,Sin confirmar,El punto del mapa es aproximado: señala el centro del municipio.,Publicada,Ambas
Pamplona,Navarra,Plaza del Castillo,"Plaza del Castillo, Pamplona",2026-09-02,20:00,,"42,8168147","-1,6427624",Movimiento Cívico del Pueblo,Confirmada,Otras fuentes sitúan la concentración en Plaza del Ayuntamiento (fuentes discrepan). Recogido de prensa (El Diario de Madrid),Publicada,Ambas
San Adrián,Navarra,Ayuntamiento,Ayuntamiento,2026-09-02,20:00,,"42,331803","-1,932859",,Sin confirmar,,Publicada,Ambas
Tudela,Navarra,Plaza Vieja,,2026-09-02,20:00,,"42,078314","-1,638662",Ayuntamiento,Difundida,,Solo en porceuta.es,porceuta.es
Tudela,Navarra,"Plaza Vieja, frente al Consistorio","Plaza Vieja, frente al Consistorio, 31500",2026-09-02,20:00,,"42,063895","-1,605661",Ayuntamiento de Tudela,Difundida,El punto del mapa es aproximado.,Publicada,Ambas
Valle de Egüés,Navarra,Ayuntamiento,Ayuntamiento,2026-09-02,20:00,,"42,811512","-1,5941",,Sin confirmar,El punto del mapa es aproximado.,Publicada,Ambas
Carrión de los Condes,Palencia,Ayuntamiento,"Ayuntamiento, 34120",2026-09-02,20:00,,"42,337684","-4,604363",,Sin confirmar,,Publicada,Ambas
Palencia,Palencia,Plaza Mayor,,2026-09-02,20:00,,"42,0096","-4,5288",,Sin confirmar,,Solo en porceuta.es,porceuta.es
Palencia,Palencia,Subdelegación del Gobierno,Subdelegación del Gobierno,2026-09-02,20:00,,"42,014224","-4,53243",,,,Publicada,Listado oficial
Saldaña,Palencia,Plaza España,"Plaza España, 34100",2026-09-02,20:00,,"42,522119","-4,735924",,Sin confirmar,,Publicada,Ambas
Torquemada,Palencia,Plaza España,"Plaza España, 34230",2026-09-02,20:00,,"42,034346","-4,318633",,Sin confirmar,,Publicada,Ambas
Pontevedra,Pontevedra,Praza de España,Praza de España,2026-09-02,20:30,NO son las 20:00,"42,431857","-8,647081",,Confirmada,El punto del mapa es aproximado. · Todos somos Ceuta,Publicada,Ambas
Vigo,Pontevedra,Praza de Compostela,"Praza de Compostela, Vigo",2026-09-02,20:00,,"42,23921","-8,723",Plataforma ciudadana SOMOS ESPAÑA VIGO,Confirmada,Recogido de prensa (El Diario de Madrid) · Concentración abierta a todos los ciudadanos. Caracter apartidista (sin signos de partidos políticos).,Publicada,Ambas
Bruselas,Región de Bruselas-Capital,"Place du Luxembourg, frente al Parlamento Europeo",,2026-09-02,12:00,NO son las 20:00,"50,839164","4,372823",Delegación española del PPE y delegación de Vox en la Eurocámara,Confirmada,,Solo en porceuta.es,porceuta.es
Alba de Tormes,Salamanca,"Plaza del Ayuntamiento, puerta del Consistorio",,2026-09-02,20:00,,"40,8266317","-5,514271",Ayuntamiento de Alba de Tormes / FEMP,Difundida,https://eldiariodesalamanca.com/alba-de-tormes/2026/08/29/alba-de-tormes-apoya-la-concentracion-de-la-femp-por-ceuta/,Solo en porceuta.es,porceuta.es
Bejar,Salamanca,Plaza mayor de Maldonado,,2026-09-02,20:00,,"40,3865812","-5,7649619",,Sin confirmar,,Solo en porceuta.es,porceuta.es
Carbajosa de la Sagrada,Salamanca,"Puertas del Ayuntamiento, Plaza del Ayuntamiento",,2026-09-02,20:00,,"40,933","-5,6507",Ayuntamiento de Carbajosa de la Sagrada / FEMP,Difundida,,Solo en porceuta.es,porceuta.es
Guijuelo,Salamanca,"Frente al Ayuntamiento, Plaza Mayor","Frente al Ayuntamiento, Plaza Mayor, 37770",2026-09-02,20:00,,"40,55747","-5,67079",Ayuntamiento de Guijuelo / FEMP,Difundida,Convocatoria confirmada y detectada en los barridos del 26-27/08/2026; ausente del CSV base de 204 registros.,Publicada,Ambas
Peñaranda de Bracamonte,Salamanca,"Plaza de la Constitución, frente al Ayuntamiento",,2026-09-02,20:00,,"40,9024602","-5,2006416",PP de Peñaranda de Bracamonte,Confirmada,https://noticiasatiempo.es/20260829/el-partido-popular-de-penaranda-toma-la-iniciativa-y-convoca-una-concentracion-de-apoyo-a-ceuta-para-este-miercoles-a-las-20-horas/,Solo en porceuta.es,porceuta.es
Salamanca,Salamanca,Plaza Mayor,"Plaza Mayor, Salamanca",2026-09-02,20:00,,"40,9650282","-5,6640558",,Sin confirmar,Recogido de prensa (El Diario de Madrid),Publicada,Ambas
Santa Marta de Tormes,Salamanca,Plaza de la Iglesia,"Plaza de la Iglesia, 37900",2026-09-02,20:00,,"40,95071","-5,631013",Ayuntamiento de Santa Marta de Tormes / FEMP,Difundida,,Publicada,Ambas
Villamayor,Salamanca,"Plaza de España, frente al Ayuntamiento",,2026-09-02,20:00,,"40,999","-5,695",Ayuntamiento de Villamayor / FEMP,Difundida,,Solo en porceuta.es,porceuta.es
Santa Cruz de la Palma,Santa Cruz de Tenerife,Ayuntamiento,"Ayuntamiento, 38700",2026-09-02,19:00,NO son las 20:00,"28,683211","-17,764743",PP La Palma,Sin confirmar,19:00 hora canaria,Publicada,Ambas
Santa Cruz de Tenerife,Santa Cruz de Tenerife,Ayuntamiento de Tenerife,,2026-09-02,19:00,NO son las 20:00,"28,4697725","-16,2546948",Ayuntamiento de Tenerife,Difundida,,Solo en porceuta.es,porceuta.es
Santa Cruz de Tenerife,Santa Cruz de Tenerife,Plaza de España,"Plaza de España, Santa Cruz de Tenerife, 38002",2026-09-02,19:00,NO son las 20:00,"28,4670666","-16,2467142",Sociedad Civil,Confirmada,Recogido de prensa (El Diario de Madrid) 19:00 hora canaria. · Por Ceuta y por España,Publicada,Ambas
Valverde,Santa Cruz de Tenerife,M.I. Ayuntamiento de Valverde,"M.I. Ayuntamiento de Valverde, 38900",2026-09-02,19:00,NO son las 20:00,"27,770617","-17,949133",,Sin confirmar,19:00 hora canaria El punto del mapa es aproximado: señala el centro del municipio.,Publicada,Ambas
El Espinar,Segovia,Puerta del Ayuntamiento,Puerta del Ayuntamiento,2026-09-02,20:00,,"40,718633","-4,247709",,Sin confirmar,,Publicada,Ambas
Espirdo,Segovia,Ayuntamiento de Espirdo,"Ayuntamiento de Espirdo, 40191",2026-09-02,20:00,,"40,997191","-4,073359",,Sin confirmar,,Publicada,Ambas
Riaza,Segovia,Plaza Mayor,,2026-09-02,20:00,,"41,279379","-3,4772594",,Difundida,El Ayuntamiento de Riaza ha publicado la convocatoria: https://www.facebook.com/AyuntamientoDeRiaza/posts/pfbid02Ga1cgEfEL6QWTcvy3ftYBNCbLamt2HLhgMwPzg4Jr8D8ZnWTFgGd8vbLMrKvGhDel?locale=es_ES,Solo en porceuta.es,porceuta.es
Segovia,Segovia,Ayuntamiento de Segovia,,2026-09-02,20:00,,"40,9429","-4,1088",Ayuntamiento de Segovia/FEMP,Difundida,,Solo en porceuta.es,porceuta.es
Segovia,Segovia,Plaza Mayor,Plaza Mayor,2026-09-02,20:00,,"40,950329","-4,123986",,,,Publicada,Listado oficial
Sotillo,Segovia,Ayuntamiento,Ayuntamiento,2026-09-02,20:00,,"41,258518","-3,637341",,Sin confirmar,,Publicada,Ambas
Alcalá de Guadaira,Sevilla,Plaza del Duque,,2026-09-02,20:00,,"37,3397709","-5,8408396",,Sin confirmar,,Solo en porceuta.es,porceuta.es
Alcolea del Río,Sevilla,Puerta del Ayuntamiento,Puerta del Ayuntamiento,2026-09-02,20:00,,"37,614264","-5,668874",,Sin confirmar,,Publicada,Ambas
Coria del Río,Sevilla,Puerta del Ayuntamiento,Puerta del Ayuntamiento,2026-09-02,20:00,,"37,289211","-6,053529",,Confirmada,CORIA DEL RÍO CON CEUTA Ceuta no se vende Ceuta se defiende Concentración en apoyo al pueblo de Ceuta,Publicada,Ambas
Dos hermanas,Sevilla,Plaza edl ayubtamiento,,2026-09-02,20:00,,"37,283689","-5,9226718",,Sin confirmar,,Solo en porceuta.es,porceuta.es
Écija,Sevilla,Plaza de España,"Plaza de España, Écija, 41400",2026-09-02,20:00,,"37,5411551","-5,079263",Ayuntamiento de Écija,Difundida,,Publicada,Ambas
Espartinas,Sevilla,Plaza del Ayuntamiento,Plaza del Ayuntamiento,2026-09-02,12:00,NO son las 20:00,"37,3815","-6,125652",Ayuntamiento de Espartinas / Alcaldesa Cristina Los Arcos,Difundida,,Publicada,Ambas
Estepa,Sevilla,Puerta del Ayuntamiento,"Puerta del Ayuntamiento, Estepa, 41560",2026-09-02,20:00,,"37,2916129","-4,8780688",,Sin confirmar,,Publicada,Ambas
Gerena,Sevilla,Plaza de la Constitución 1,,2026-09-02,20:00,,"37,5293784","-6,1556433",,Sin confirmar,,Solo en porceuta.es,porceuta.es
La Algaba,Sevilla,Puertas del Ayuntamiento,Puertas del Ayuntamiento,2026-09-02,20:00,,"37,463501","-6,010883",,Sin confirmar,,Publicada,Ambas
La Rinconada,Sevilla,,,2026-09-02,20:00,,"37,487719","-5,979483",Partido Popular La Rinconada,Confirmada,,Solo en porceuta.es,porceuta.es
La Roda de Andalucía,Sevilla,Puerta del Ayuntamiento,"Puerta del Ayuntamiento, La Roda de Andalucía, 41590",2026-09-02,20:00,,"37,2011153","-4,7793579",,Sin confirmar,,Publicada,Ambas
Lebrija,Sevilla,Puerta del Ayuntamiento,"Puerta del Ayuntamiento, Lebrija, 41740",2026-09-02,20:00,,"36,9197133","-6,0785932",,Sin confirmar,,Publicada,Ambas
Lora del Río,Sevilla,Plaza del Ayuntamiento,"Plaza del Ayuntamiento, 41440",2026-09-02,19:00,NO son las 20:00,"37,657427","-5,527582",Ayuntamiento de Lora del Río / FEMP,Difundida,El punto del mapa es aproximado: señala el centro del municipio.,Publicada,Ambas
Osuna,Sevilla,Puerta del Ayuntamiento,"Puerta del Ayuntamiento, Osuna, 41640",2026-09-02,20:00,,"37,237094","-5,1029935",,Sin confirmar,,Publicada,Ambas
Palomares del Río,Sevilla,Plaza del Ayuntamiento / Plaza de Andalucía,"Plaza del Ayuntamiento / Plaza de Andalucía, 41928",2026-09-02,20:00,,"37,32188","-6,05833",Ayuntamiento de Palomares del Río / FEMP,Difundida,Convocatoria confirmada y detectada en los barridos del 26-27/08/2026; ausente del CSV base de 204 registros.,Publicada,Ambas
Pilas,Sevilla,Patio del Ayuntamiento,"Patio del Ayuntamiento, 41840",2026-09-02,20:00,,"37,301209","-6,302777",,Sin confirmar,El punto del mapa es aproximado: señala el centro del municipio.,Publicada,Ambas
San Juan de Aznalfarache,Sevilla,Puerta del Ayuntamiento,"Puerta del Ayuntamiento, 41920",2026-09-02,20:00,,"37,359762","-6,027838",,Sin confirmar,,Publicada,Ambas
Santiponce,Sevilla,Patio del Ayuntamiento,Patio del Ayuntamiento,2026-09-02,20:00,,"37,435593","-6,039916",,Sin confirmar,El punto del mapa es aproximado: señala el centro del municipio.,Publicada,Ambas
Sevilla,Sevilla,Desde Puerta Jerez hasta Plaza de San Francisco,"Desde Puerta Jerez hasta Plaza de San Francisco, Sevilla, 41004",2026-09-03,19:30,NO son las 20:00 · OTRA FECHA,"37,3817849","-5,99436",AVV Asistente Arjona,Confirmada,Marcha del 3 de septiembre · CORRECCIÓN. La manifestación inicialmente prevista para el 3/09 se adelanta al 2/09 a las 19:30. Mantener aparte la concentración municipal de las 20:00.,Retirada · Anulada: el listado oficial del 29 de agosto la reunifica con la concentración del día 2,Ambas
Sevilla,Sevilla,Puerta del Ayuntamiento,"Puerta del Ayuntamiento, Sevilla",2026-09-02,20:00,,"37,388654","-5,9944781",Ayuntamiento de Sevilla,Difundida,Ojo! 30 min antes hay una manifestación que saldrá desde Puerta de Jerez,Publicada,Ambas
Tomares,Sevilla,Plaza del Ayuntamiento,"Plaza del Ayuntamiento, Tomares, 41940",2026-09-02,20:00,,"37,3739071","-6,0445144",Ayuntamiento de Tomares / FEMP,Difundida,,Publicada,Ambas
Utrera,Sevilla,Plaza de Gibaxa,"Plaza de Gibaxa, Utrera, 41710",2026-09-02,20:00,,"37,183257","-5,781598",Ayuntamiento de Utrera,Difundida,https://utreraaldia.com/el-ayuntamiento-de-utrera-convoca-una-concentracion-ciudadana-en-apoyo-a-ceuta/,Publicada,Ambas
Almazán,Soria,Plaza Mayor,Plaza Mayor,2026-09-02,20:00,,"41,425852","-2,545634",,Sin confirmar,El punto del mapa es aproximado.,Publicada,Ambas
Arcos de Jalón,Soria,Frente al Ayuntamiento / Casa Consistorial,,2026-09-02,20:00,,"41,2157666","-2,2753018",Ayuntamiento de Arcos de Jalón / FEMP,Difundida,https://www.elaltojalon.es/texto-diario/mostrar/5996862/arcos-jalon-sumara-2-septiembre-acto-apoyo-ceuta-convocado-femp,Solo en porceuta.es,porceuta.es
Duruelo de la Sierra,Soria,Ayuntamiento,Ayuntamiento,2026-09-02,20:00,,"41,95541","-2,9316",,Sin confirmar,,Publicada,Ambas
El Burgo de Osma,Soria,Ayuntamiento,"Ayuntamiento, 42300",2026-09-02,20:00,,"41,582093","-3,081014",,Sin confirmar,,Publicada,Ambas
Golmayo,Soria,Ayuntamiento,"Ayuntamiento, 42190",2026-09-02,20:00,,"41,765878","-2,522864",,Sin confirmar,,Publicada,Ambas
Navaleno,Soria,Ayuntamiento,Ayuntamiento,2026-09-02,20:00,,"41,837663","-3,004607",,Sin confirmar,,Publicada,Ambas
Soria,Soria,Plaza Mayor,,2026-09-02,20:00,,"41,7636","-2,4649",PP de Soria / FEMP,Difundida,,Solo en porceuta.es,porceuta.es
"Borges del camp, les",Tarragona,Campo martes,,2026-08-28,20:00,OTRA FECHA,"41,1714818","1,0287795",,Sin confirmar,,Solo en porceuta.es,porceuta.es
Reus,Tarragona,Plaça del Mercadal,"Plaça del Mercadal, 43201",2026-09-02,20:00,,"41,1547","1,1087",Convocatoria difundida en redes / FEMP / Plataforma por Ceuta,Difundida,,Publicada,Ambas
Tarragona,Tarragona,Plaça de la Font,"Plaça de la Font, Tarragona, 43003",2026-09-02,20:00,,"41,1170793","1,2550573",,Confirmada,Recogido de prensa (El Distrito) · Todos con Ceuta / Tots amb Ceuta,Publicada,Ambas
Montalbán,Teruel,Puerta del Ayuntamiento,"Puerta del Ayuntamiento, Montalbán, 44700",2026-09-02,20:00,,"40,8326222","-0,7983878",,Sin confirmar,,Publicada,Ambas
Teruel,Teruel,Plaza de la Catedral (Ayuntamiento),"Plaza de la Catedral (Ayuntamiento), Teruel, 44001",2026-09-02,20:00,,"40,34332","-1,10802",Ayuntamiento de Teruel,Difundida,,Publicada,Ambas
Teruel,Teruel,Plaza de San Juan (Subdelegación del Gobierno),"Plaza de San Juan (Subdelegación del Gobierno), Teruel, 44001",2026-09-02,20:00,,"40,34044","-1,10677",Subdelegación del Gobierno,,,Publicada,Listado oficial
Almonacid de Toledo,Toledo,Plaza de la Constitución,"Plaza de la Constitución, Almonacid de Toledo, 45440",2026-09-02,20:00,,"39,7527754","-3,8552029",,Sin confirmar,El cartel pone solo Almonacid,Publicada,Ambas
Almorox,Toledo,Puerta del Ayuntamiento,"Puerta del Ayuntamiento, 45900",2026-09-02,20:00,,"40,233746","-4,390748",Ayuntamiento,Difundida,,Publicada,Ambas
Bargas,Toledo,Plaza del Ayuntamiento / Plaza de la Constitución,"Plaza del Ayuntamiento / Plaza de la Constitución, 45593",2026-09-02,20:00,,"39,9416","-4,0199",Ayuntamiento de Bargas / FEMP,Difundida,,Retirada · no aparece en el listado oficial del 29 de agosto,Ambas
Camarena,Toledo,Plaza Virgen de la Caridad,,2026-09-02,20:00,,"40,0925817","-4,1212536",Ayuntamiento de camarena/FEMP,Difundida,,Solo en porceuta.es,porceuta.es
Casarrubios del Monte,Toledo,Plaza del Ayuntamiento de Casarrubios del Monte y Centro Social Calypo-Fado,,2026-09-02,20:00,,"40,18435","-4,036348",PP Casarrubios del Monte,Confirmada,,Solo en porceuta.es,porceuta.es
Corral de Almaguer,Toledo,Plaza Mayor,Plaza Mayor,2026-09-02,20:00,,"39,759471","-3,164252",,Sin confirmar,,Publicada,Ambas
Dosbarrios,Toledo,Puerta del ayuntamiento,Puerta del ayuntamiento,2026-09-02,20:00,,"39,883376","-3,482059",Ayuntamiento de Dosbarrios,Difundida,Dosbarrios se une a Ceuta,Retirada · no aparece en el listado oficial del 29 de agosto,Ambas
El Viso de San Juan,Toledo,Puerta del Ayuntamiento,"Puerta del Ayuntamiento, El Viso de San Juan, 45215",2026-09-02,20:00,,"40,1423027","-3,9210789",,Sin confirmar,,Publicada,Ambas
Esquivias,Toledo,"Puerta del Ayuntamiento, Plaza de Don Quijote 2","Puerta del Ayuntamiento, Plaza de Don Quijote 2",2026-09-02,20:00,,"40,104325","-3,766835",Ayuntamiento de Esquivias / FEMP,Difundida,,Publicada,Ambas
Fuensalida,Toledo,Plaza del Conde,"Plaza del Conde, Fuensalida, 45510",2026-09-02,20:00,,"40,0528693","-4,2091415",,Sin confirmar,,Publicada,Ambas
Illescas,Toledo,Ayuntamiento,"Ayuntamiento, Illescas, 45200",2026-09-02,20:00,,"40,1236984","-3,8503188",Ana Belén,Sin confirmar,"Ceuta no está sola , todos unidos bajo una misma bandera",Publicada,Ambas
La Guardia,Toledo,Plaza del ayuntamiento,,2026-09-02,20:00,,"39,7870986","-3,4757592",Ayuntamiento de la guardia/FEMP,Difundida,,Solo en porceuta.es,porceuta.es
Las Ventas de Retamosa,Toledo,Plaza de la Villa,"Plaza de la Villa, Las Ventas de Retamosa, 45183",2026-09-02,20:00,,"40,1549993","-4,1132714",,Sin confirmar,,Publicada,Ambas
Madridejos,Toledo,Plaza del Ayuntamiento,"Plaza del Ayuntamiento, Madridejos, 45710",2026-09-02,20:00,,"39,4692725","-3,5356376",Ayuntamiento de Madridejos / FEMP,Difundida,Convocatoria confirmada y detectada en los barridos del 26-27/08/2026; ausente del CSV base de 204 registros.,Publicada,Ambas
Magán,Toledo,Plaza del Ayuntamiento,"Plaza del Ayuntamiento, Magán, 45270",2026-09-02,20:00,,"39,9618165","-3,930576",,Sin confirmar,,Publicada,Ambas
Mocejón,Toledo,Puerta del Ayuntamiento,"Puerta del Ayuntamiento, Mocejón, 45270",2026-09-02,20:00,,"39,9396947","-3,9163783",,Sin confirmar,,Publicada,Ambas
Mora,Toledo,Plaza de la Constitución,"Plaza de la Constitución, 45400",2026-09-02,20:00,,"39,684518","-3,772721",,Sin confirmar,,Publicada,Ambas
Nambroca,Toledo,Plaza de la Constitución,"Plaza de la Constitución, Nambroca, 45190",2026-09-02,20:00,,"39,7980047","-3,9444943",,Sin confirmar,,Publicada,Ambas
Navahermosa,Toledo,Plaza del Ayuntamiento,"Plaza del Ayuntamiento, Navahermosa, 45150",2026-09-02,20:00,,"39,6337383","-4,4724804",,Sin confirmar,,Publicada,Ambas
Numancia de la Sagra,Toledo,Puerta del Ayuntamiento,"Puerta del Ayuntamiento, Numancia de la Sagra, 45230",2026-09-02,20:00,,"40,0762953","-3,8545988",,Sin confirmar,,Publicada,Ambas
Ocaña,Toledo,Plaza Mayor,"Plaza Mayor, 45300",2026-09-02,20:00,,"39,958666","-3,500772",Ayuntamiento de Ocaña,Difundida,Lectura de manifiesto de solidaridad con Ceuta,Retirada · no aparece en el listado oficial del 29 de agosto,Ambas
Quintanar de la Orden,Toledo,Plaza de la Constitución,"Plaza de la Constitución, Quintanar de la Orden, 45800",2026-09-02,20:00,,"39,5909487","-3,0441108",Ayuntamiento de Quintanar de la Orden/FEMP,Difundida,CORRECCIÓN DE NOMBRE. El municipio correcto es Quintanar de la Orden.,Publicada,Ambas
Quismondo,Toledo,Frente al Ayuntamiento,Frente al Ayuntamiento,2026-09-02,20:00,,"40,10536","-4,324233",,Sin confirmar,,Publicada,Ambas
Seseña,Toledo,Plaza Bayona (Ayuntamiento),"Plaza Bayona (Ayuntamiento), Seseña",2026-09-02,20:00,,"40,104381","-3,6971754",,Sin confirmar,ceuta no esta sola,Publicada,Ambas
Sonseca,Toledo,Puerta del Ayuntamiento,"Puerta del Ayuntamiento, Sonseca, 45100",2026-09-02,20:00,,"39,675878","-3,9751504",,Sin confirmar,,Publicada,Ambas
Talavera de la Reina,Toledo,Plaza del Pan,"Plaza del Pan, Talavera de la Reina, 45600",2026-09-02,20:00,,"39,9583698","-4,8329505",,Confirmada,POR CEUTA Y POR ESPAÑA,Publicada,Ambas
Toledo,Toledo,Plaza del Ayuntamiento,"Plaza del Ayuntamiento, Toledo, 45071",2026-09-02,20:00,,"39,8565436","-4,0249439",Ayuntamiento de Toledo,Difundida,,Publicada,Ambas
Torrijos,Toledo,Palacio de Pedro I,,2026-09-02,20:00,,"39,9832","-4,28809",Ayuntamiento de Torrijos / FEMP,Difundida,,Solo en porceuta.es,porceuta.es
Urda,Toledo,Puerta del Ayuntamiento,"Puerta del Ayuntamiento, Urda, 45480",2026-09-02,20:00,,"39,4125049","-3,7165379",,Sin confirmar,,Publicada,Ambas
Valmojado,Toledo,Plaza de España,,2026-09-02,20:00,,"40,2159955","-4,1014797",Ayuntamiento de Valmojado,Difundida,,Solo en porceuta.es,porceuta.es
Villasequilla,Toledo,Plaza Mayor,"Plaza Mayor, Villasequilla",2026-09-02,20:00,,"39,8763348","-3,7308655",,Sin confirmar,,Publicada,Ambas
Villatobas,Toledo,Plaza del Ayuntamiento,Plaza del Ayuntamiento,2026-09-02,20:00,,"39,901849","-3,323916",Ayuntamiento de Villatobas,Difundida,,Retirada · no aparece en el listado oficial del 29 de agosto,Ambas
Yepes,Toledo,Plaza Mayor,Plaza Mayor,2026-09-02,20:00,,"39,917742","-3,676305",Ayuntamiento de Yepes,Difundida,,Retirada · no aparece en el listado oficial del 29 de agosto,Ambas
Yuncos,Toledo,Puerta del Ayuntamiento,"Puerta del Ayuntamiento, Yuncos, 45210",2026-09-02,20:00,,"40,0872817","-3,8741464",,Sin confirmar,,Publicada,Ambas
Alborache,Valencia,Puerta del Ayuntamiento,Puerta del Ayuntamiento,2026-09-02,20:00,,"39,391718","-0,77099",,Sin confirmar,,Publicada,Ambas
Alcàsser,Valencia,Porta de l'Ajuntament,Porta de l'Ajuntament,2026-09-02,20:00,,"39,367712","-0,444674",,Sin confirmar,El punto del mapa es aproximado: señala el centro del municipio.,Publicada,Ambas
Algemesí,Valencia,Puertas del Consistorio,"Puertas del Consistorio, 46680",2026-09-02,20:00,,"39,190758","-0,435747",,Sin confirmar,El punto del mapa es aproximado: señala el centro del municipio.,Publicada,Ambas
Almussafes,Valencia,Porta de l'Ajuntament,"Porta de l'Ajuntament, 46440",2026-09-02,20:00,,"39,292433","-0,413858",,Sin confirmar,El punto del mapa es aproximado: señala el centro del municipio.,Publicada,Ambas
Benaguasil,Valencia,Puerta del Ayuntamiento,Puerta del Ayuntamiento,2026-09-02,20:00,,"39,593552","-0,584896",,Sin confirmar,,Publicada,Ambas
Burjassot,Valencia,Plaza emilio Castelar. ( Ayuntamiento),,2026-09-02,20:00,,"39,5090599","-0,4108581",Ayuntamiento??,Difundida,,Solo en porceuta.es,porceuta.es
Carcaixent,Valencia,Plaza mayor,,2026-09-02,19:00,NO son las 20:00,"39,1209651","-0,4472814",,Sin confirmar,Apoyo al pueblo español de Ceuta,Solo en porceuta.es,porceuta.es
Caudete de las Fuentes,Valencia,Plaza de Correos,"Plaza de Correos, 46315",2026-09-02,20:00,,"39,558806","-1,27955",,Sin confirmar,,Publicada,Ambas
Gandia,Valencia,Plaza del Ayuntamiento,"Plaza del Ayuntamiento, 46701",2026-09-02,20:00,,"38,967593","-0,180342",,Confirmada,,Retirada · no aparece en el listado oficial del 29 de agosto,Ambas
Godella,Valencia,Puerta del Ayuntamiento,Puerta del Ayuntamiento,2026-09-02,20:00,,"39,518284","-0,409772",,Sin confirmar,,Publicada,Ambas
Godelleta,Valencia,Ayuntamiento,"Ayuntamiento, 46388",2026-09-02,20:00,,"39,421856","-0,686182",,Sin confirmar,,Publicada,Ambas
L'Alcúdia de Crespins,Valencia,"Puertas del Ayuntamiento, Plaça de la Constitució 3","Puertas del Ayuntamiento, Plaça de la Constitució 3",2026-09-02,12:00,NO son las 20:00,"38,9698","-0,5917",Ayuntamiento de L'Alcúdia de Crespins,Difundida,,Retirada · no aparece en el listado oficial del 29 de agosto,Ambas
La Pobla de Vallbona,Valencia,Centro Social,Centro Social,2026-09-02,20:00,,"39,591239","-0,553015",Ayuntamiento,Difundida,,Retirada · no aparece en el listado oficial del 29 de agosto,Ambas
Llocnou de la Corona,Valencia,Puerta del Ayuntamiento de Llocnou de la Corona,,2026-09-02,20:00,,"39,4204988","-0,3819899",VOX Massalfassar,Confirmada,,Solo en porceuta.es,porceuta.es
Meliana,Valencia,"Puertas del Ayuntamiento, Plaça Major 1",,2026-09-02,20:00,,"39,52706","-0,34938",Ayuntamiento de Meliana / alcaldesa Trini Montañana,Difundida,,Solo en porceuta.es,porceuta.es
Montserrat,Valencia,Ayuntamiento,Ayuntamiento,2026-09-02,20:00,,"39,357649","-0,6031",,Sin confirmar,El punto del mapa es aproximado: señala el centro del municipio.,Publicada,Ambas
Náquera,Valencia,Ayuntamiento de Náquera,Ayuntamiento de Náquera,2026-09-02,20:00,,"39,657514","-0,424164",,Sin confirmar,,Publicada,Ambas
Oliva,Valencia,Ayuntamiento,,2026-09-02,20:00,,"38,9202443","-0,1208981",,Sin confirmar,,Solo en porceuta.es,porceuta.es
Sagunto,Valencia,Plaza del sol,,2026-09-02,20:00,,"39,6792916","-0,2786451",Español de bien,Sin confirmar,España unida no será vencida,Solo en porceuta.es,porceuta.es
Tavernes Blanques,Valencia,Puertas del consistorio,"Puertas del consistorio, 46016",2026-09-02,20:00,,"39,506429","-0,362599",,Sin confirmar,El punto del mapa es aproximado: señala el centro del municipio.,Publicada,Ambas
Torrent,Valencia,"Puerta de la Casa Consistorial, Carrer de Ramon y Cajal 1","Puerta de la Casa Consistorial, Carrer de Ramon y Cajal 1, 46900",2026-09-02,20:00,,"39,436805","-0,465902",Ayuntamiento de Torrent,Difundida,,Publicada,Ambas
Valencia,Valencia,Plaça de l'Ajuntament,"Plaça de l'Ajuntament, Valencia",2026-09-02,20:00,,"39,4706473","-0,3768264",Valores que Unen,Confirmada,Recogido de prensa (El Diario de Madrid),Publicada,Ambas
Vilamarxant,Valencia,Ayuntamiento,Ayuntamiento,2026-09-02,20:00,,"39,567899","-0,622101",Ayuntamiento de Vilamarxant,Difundida,En apoyo a Ceuta,Publicada,Ambas
Aldeamayor de San Martín,Valladolid,Plaza Mayor,"Plaza Mayor, 47162",2026-09-02,20:00,,"41,512157","-4,639969",,Sin confirmar,,Publicada,Ambas
Arroyo de la Encomienda,Valladolid,Plaza de España,"Plaza de España, 47195",2026-09-02,20:00,,"41,621081","-4,780977",,Difundida,Publicada por el ayuntamiento. Incluyo link al tweet: https://x.com/aytoarroyo/status/2092642163343466981?s=46,Publicada,Ambas
Cigales,Valladolid,Plaza Mayor,Plaza Mayor,2026-09-02,20:00,,"41,758172","-4,698986",,Sin confirmar,,Publicada,Ambas
La Cistérniga,Valladolid,Plaza Mayor,"Plaza Mayor, 47193",2026-09-02,20:00,,"41,612034","-4,685486",,Sin confirmar,,Publicada,Ambas
Laguna de Duero,Valladolid,Ayuntamiento,Ayuntamiento,2026-09-02,20:00,,"41,582129","-4,721488",,Sin confirmar,,Publicada,Ambas
Medina de Rioseco,Valladolid,Plaza Mayor,Plaza Mayor,2026-09-02,20:00,,"41,880962","-5,041324",,Sin confirmar,,Publicada,Ambas
Olmedo,Valladolid,Plaza de Santa María,"Plaza de Santa María, 47410",2026-09-02,20:00,,"41,288534","-4,685186",,Sin confirmar,,Publicada,Ambas
Santovenia de Pisuerga,Valladolid,Puerta del Ayuntamiento,"Puerta del Ayuntamiento, 47155",2026-09-02,20:00,,"41,696621","-4,689262",,Sin confirmar,,Publicada,Ambas
Tordesillas,Valladolid,Plaza Mayor,,2026-09-02,20:00,,"41,5004","-5,0003",Ayuntamiento de Tordesillas / FEMP,Difundida,,Solo en porceuta.es,porceuta.es
Valladolid,Valladolid,Plaza Mayor,"Plaza Mayor, Valladolid",2026-09-02,20:00,,"41,6520609","-4,7285484",PatriaM,Confirmada,Recogido de prensa (El Distrito),Publicada,Ambas
Valoria la Buena,Valladolid,Plaza de la Constitución,Plaza de la Constitución,2026-09-02,20:00,,"41,799627","-4,528729",,Sin confirmar,,Publicada,Ambas
Zaratán,Valladolid,Plaza de las Herrerías,"Plaza de las Herrerías, 47610",2026-09-02,20:00,,"41,659237","-4,783798",,Sin confirmar,,Publicada,Ambas
Bilbao,Vizcaya,Plaza Moyúa,"Plaza Moyúa, Bilbao",2026-09-02,20:00,,"43,2629819","-2,9349696",,Sin confirmar,Recogido de prensa (El Diario de Madrid),"Retirada · el listado oficial la marca sin confirmar: convocatoria difundida, sin fuente de confirmación",Ambas
Benavente,Zamora,Plaza Mayor,,2026-09-02,20:00,,"42,0032862","-5,6738595",Ayuntamiento de Benavente / FEMP,Difundida,https://www.benaventedigital.es/benavente-celebrara-una-concentracion-en-apoyo-a-ceuta/,Solo en porceuta.es,porceuta.es
Morales del Vino,Zamora,"Plaza de la Ermita, frente al Ayuntamiento","Plaza de la Ermita, frente al Ayuntamiento",2026-09-02,20:00,,"41,44716","-5,73049",Ayuntamiento de Morales del Vino / FEMP,Difundida,Convocatoria confirmada y detectada en los barridos del 26-27/08/2026; ausente del CSV base de 204 registros.,Publicada,Ambas
Villalpando,Zamora,"Plaza Mayor, frente al Ayuntamiento","Plaza Mayor, frente al Ayuntamiento, 49630",2026-09-02,20:00,,"41,864784","-5,413532",Ayuntamiento de Villalpando,Difundida,,Publicada,Ambas
Villaralbo,Zamora,Plaza del Ayuntamiento,,2026-09-02,20:00,,"41,493","-5,682",Ayuntamiento de Villaralbo / FEMP,Difundida,,Solo en porceuta.es,porceuta.es
Zamora,Zamora,"Frente al Ayuntamiento, Plaza Mayor",,2026-09-02,20:00,,"41,503915","-5,747027",Grupo Municipal Vox Zamora,Sin confirmar,,Solo en porceuta.es,porceuta.es
Calatayud,Zaragoza,"Plaza de España, junto a la antigua Casa Consistorial","Plaza de España, junto a la antigua Casa Consistorial",2026-09-02,20:00,,"41,35309","-1,64329",Ayuntamiento de Calatayud / FEMP,Difundida,Convocatoria confirmada,Publicada,Ambas
Caspe,Zaragoza,"Puertas de la Casa Consistorial, Plaza de España 1","Puertas de la Casa Consistorial, Plaza de España 1, 50700",2026-09-02,20:00,,"41,236","-0,039",Ayuntamiento de Caspe / FEMP,Difundida,,Retirada · no aparece en el listado oficial del 29 de agosto,Ambas
Maella,Zaragoza,Plaza de España,"Plaza de España, Maella, 50710",2026-09-02,20:00,,"41,12218","0,1397423",,Sin confirmar,,Publicada,Ambas
Mainar,Zaragoza,Puerta del Ayuntamiento (Plaza San Marcos),,2026-09-02,20:00,,"41,1925768","-1,3027612",Ayuntamiento de Mainar,Difundida,"✅ La FEMP (Federación Española de Municipios y Provincias) ha convocado concentraciones frente a los ayuntamientos de todas España como muestra de apoyo y solidaridad con la ciudad autónoma y sus vecinos. 📝 En Mainar nos sumamos a esta convocatoria, la cual tendrá lugar en la puerta del Ayuntamiento a las 20:00 h el miércoles. Os invitamos a participar. ❤️Mainar está con Ceuta.",Solo en porceuta.es,porceuta.es
María de Huerva,Zaragoza,Plaza de España,"Plaza de España, María de Huerva, 50430",2026-09-02,20:00,,"41,5377155","-0,9965213",,Sin confirmar,,Publicada,Ambas
Monreal de Ariza,Zaragoza,Frente a la Casa Consistorial,,2026-09-02,20:00,,"41,2915452","-2,1052574",Ayuntamiento de Monreal de Ariza,Difundida,https://www.elaltojalon.es/texto-diario/mostrar/5996908/monreal-ariza-suma-concentraciones-apoyo-ceuta-proximo-2-septiembre,Solo en porceuta.es,porceuta.es
Utebo,Zaragoza,Ayuntamiento,"Ayuntamiento, Utebo, 50180",2026-09-02,20:00,,"41,7098105","-0,9982786",,Sin confirmar,El cartel escribe Uteba; el municipio de Zaragoza es Utebo,Publicada,Ambas
Zaragoza,Zaragoza,Plaza del Pilar,"Plaza del Pilar, Zaragoza, 50001",2026-09-02,20:00,,"41,6567713","-0,8785235",,Confirmada,,Publicada,Ambas
